player_sum,dealer_showing,soft,double_possible,split_possible,action,return
4,2,False,True,True,stand,-0.2857142857142857
4,2,False,True,True,draw,-0.1061443403298351
4,2,False,True,True,double,-0.27906976744186046
4,2,False,True,True,split,-0.16547343037974682
4,2,False,True,False,stand,0
4,2,False,True,False,draw,0
4,2,False,True,False,double,0
4,2,False,False,True,stand,0
4,2,False,False,True,draw,0
4,2,False,False,True,split,0
4,2,False,False,False,stand,0
4,2,False,False,False,draw,0
4,3,False,True,True,stand,-0.22007722007722008
4,3,False,True,True,draw,-0.10517131147540985
4,3,False,True,True,double,-0.5904761904761905
4,3,False,True,True,split,0.000772227225635077
4,3,False,True,False,stand,-0.010878787878787892
4,3,False,True,False,draw,0
4,3,False,True,False,double,-1.2573684210526317
4,3,False,False,True,stand,0
4,3,False,False,True,draw,0
4,3,False,False,True,split,0
4,3,False,False,False,stand,-0.06411764705882354
4,3,False,False,False,draw,-0.22817739130434786
4,4,False,True,True,stand,-0.23469387755102042
4,4,False,True,True,draw,-0.051538317757009344
4,4,False,True,True,double,-0.52
4,4,False,True,True,split,-0.15232955465587045
4,4,False,True,False,stand,-1.9
4,4,False,True,False,draw,0
4,4,False,True,False,double,-2.45
4,4,False,False,True,stand,0
4,4,False,False,True,draw,0
4,4,False,False,True,split,0
4,4,False,False,False,stand,2.8
4,4,False,False,False,draw,0.6038999999999999
4,5,False,True,True,stand,-0.08249496981891348
4,5,False,True,True,draw,-0.019107692307692305
4,5,False,True,True,double,-0.31683168316831684
4,5,False,True,True,split,0.1988413077753263
4,5,False,True,False,stand,-0.35700000000000004
4,5,False,True,False,draw,0
4,5,False,True,False,double,-0.001344897959183684
4,5,False,False,True,stand,0
4,5,False,False,True,draw,0
4,5,False,False,True,split,0
4,5,False,False,False,stand,-0.36450000000000005
4,5,False,False,False,draw,-0.10580624999999999
4,6,False,True,True,stand,-0.12169312169312169
4,6,False,True,True,draw,0.11215677966101699
4,6,False,True,True,double,-0.5371428571428571
4,6,False,True,True,split,0.1575506122029197
4,6,False,True,False,stand,-0.04336111111111111
4,6,False,True,False,draw,0
4,6,False,True,False,double,-1.5028749999999997
4,6,False,False,True,stand,0
4,6,False,False,True,draw,0
4,6,False,False,True,split,0
4,6,False,False,False,stand,0.3168642857142857
4,6,False,False,False,draw,0.28517785714285704
4,7,False,True,True,stand,-0.49206349206349204
4,7,False,True,True,draw,-0.13604212840195393
4,7,False,True,True,double,-1.0769230769230769
4,7,False,True,True,split,-0.05965887914491716
4,7,False,True,False,stand,-0.3719
4,7,False,True,False,draw,0
4,7,False,True,False,double,-1.2
4,7,False,False,True,stand,0
4,7,False,False,True,draw,0
4,7,False,False,True,split,0
4,7,False,False,False,stand,-0.546375
4,7,False,False,False,draw,-0.6300818181818182
4,8,False,True,True,stand,-0.5333333333333333
4,8,False,True,True,draw,-0.15800113822370415
4,8,False,True,True,double,-1.167785234899329
4,8,False,True,True,split,-0.15322037130841118
4,8,False,True,False,stand,-1.729
4,8,False,True,False,draw,0
4,8,False,True,False,double,-2.9
4,8,False,False,True,stand,0
4,8,False,False,True,draw,0
4,8,False,False,True,split,0
4,8,False,False,False,stand,-0.2709999999999999
4,8,False,False,False,draw,-0.24389999999999992
4,9,False,True,True,stand,-0.4942528735632184
4,9,False,True,True,draw,-0.22617416308376576
4,9,False,True,True,double,-0.9894736842105263
4,9,False,True,True,split,-0.24771528144578314
4,9,False,True,False,stand,-0.15483333333333338
4,9,False,True,False,draw,0
4,9,False,True,False,double,0
4,9,False,False,True,stand,0
4,9,False,False,True,draw,0
4,9,False,False,True,split,0
4,9,False,False,False,stand,0
4,9,False,False,False,draw,0
4,10,False,True,True,stand,-0.6106194690265486
4,10,False,True,True,draw,-0.28390832536218596
4,10,False,True,True,double,-1.1394422310756973
4,10,False,True,True,split,-0.4646825412774427
4,10,False,True,False,stand,-0.3633333333333333
4,10,False,True,False,draw,0
4,10,False,True,False,double,-2.4995000000000003
4,10,False,False,True,stand,0
4,10,False,False,True,draw,0
4,10,False,False,True,split,0
4,10,False,False,False,stand,0
4,10,False,False,False,draw,-0.7290000000000001
4,11,False,True,True,stand,-0.776595744680851
4,11,False,True,True,draw,-0.37709417771883297
4,11,False,True,True,double,-1.5833333333333333
4,11,False,True,True,split,-0.5967452886792454
4,11,False,True,False,stand,0
4,11,False,True,False,draw,0
4,11,False,True,False,double,0
4,11,False,False,True,stand,0
4,11,False,False,True,draw,0
4,11,False,False,True,split,0
4,11,False,False,False,stand,0
4,11,False,False,False,draw,-1.3851
5,2,False,True,False,stand,-0.2733948339483395
5,2,False,True,False,draw,-0.1438425239957341
5,2,False,True,False,double,-0.5428315972222222
5,2,False,False,False,stand,0.35680500000000004
5,2,False,False,False,draw,0.30197571428571435
5,3,False,True,False,stand,-0.2829317391304348
5,3,False,True,False,draw,-0.10771169322709163
5,3,False,True,False,double,-0.4989708404802744
5,3,False,False,False,stand,0.49370370370370364
5,3,False,False,False,draw,0.363009375
5,4,False,True,False,stand,-0.18027545691906005
5,4,False,True,False,draw,-0.04588866218034994
5,4,False,True,False,double,-0.38130116959064325
5,4,False,False,False,stand,-1.405
5,4,False,False,False,draw,0.009346885714285718
5,5,False,True,False,stand,-0.1665726375176305
5,5,False,True,False,draw,-0.019778723172458875
5,5,False,True,False,double,-0.19235566502463053
5,5,False,False,False,stand,-0.8355555555555555
5,5,False,False,False,draw,-0.1339457142857143
5,6,False,True,False,stand,-0.12572761780104713
5,6,False,True,False,draw,-0.01793993272465161
5,6,False,True,False,double,-0.37023118279569894
5,6,False,False,False,stand,-0.1625
5,6,False,False,False,draw,0.033057870967741924
5,7,False,True,False,stand,-0.4922716569767442
5,7,False,True,False,draw,-0.1448918429003021
5,7,False,True,False,double,-0.8928091603053434
5,7,False,False,False,stand,-1.0
5,7,False,False,False,draw,-0.18543074999999998
5,8,False,True,False,stand,-0.4765840220385675
5,8,False,True,False,draw,-0.20827992612791277
5,8,False,True,False,double,-1.0523221374045801
5,8,False,False,False,stand,-1.0
5,8,False,False,False,draw,-0.36109845000000007
5,9,False,True,False,stand,-0.5699248120300752
5,9,False,True,False,draw,-0.25142902619871477
5,9,False,True,False,double,-1.0452495974235105
5,9,False,False,False,stand,-1.0
5,9,False,False,False,draw,-0.4795245
5,10,False,True,False,stand,-0.6047806576402321
5,10,False,True,False,draw,-0.3152775296444311
5,10,False,True,False,double,-1.1789803398243606
5,10,False,False,False,stand,-0.3468333333333333
5,10,False,False,False,draw,-0.37170000000000003
5,11,False,True,False,stand,-0.7846153846153846
5,11,False,True,False,draw,-0.4068565270085002
5,11,False,True,False,double,-1.5323854660347551
5,11,False,False,False,stand,-1.0
5,11,False,False,False,draw,-0.8130000000000001
6,2,False,True,True,stand,-0.31601731601731603
6,2,False,True,True,draw,-0.15967912785774768
6,2,False,True,True,double,-0.4782608695652174
6,2,False,True,True,split,-0.185039586236993
6,2,False,True,False,stand,-0.29980737018425463
6,2,False,True,False,draw,-0.15428884381338742
6,2,False,True,False,double,-0.6176048689138577
6,2,False,False,True,stand,0
6,2,False,False,True,draw,0
6,2,False,False,True,split,0
6,2,False,False,False,stand,-0.8166666666666668
6,2,False,False,False,draw,-0.05461857692307692
6,3,False,True,True,stand,-0.16521739130434782
6,3,False,True,True,draw,-0.11853732057416269
6,3,False,True,True,double,-0.2736842105263158
6,3,False,True,True,split,-0.13564261702702704
6,3,False,True,False,stand,-0.24843840399002493
6,3,False,True,False,draw,-0.10474073684210528
6,3,False,True,False,double,-0.46277913862718706
6,3,False,False,True,stand,0
6,3,False,False,True,draw,0
6,3,False,False,True,split,0
6,3,False,False,False,stand,-0.23354166666666665
6,3,False,False,False,draw,-0.10547483333333331
6,4,False,True,True,stand,-0.19047619047619047
6,4,False,True,True,draw,-0.09187623529411765
6,4,False,True,True,double,-0.18518518518518517
6,4,False,True,True,split,0.0688172170642202
6,4,False,True,False,stand,-0.19263620386643235
6,4,False,True,False,draw,-0.09675365313653138
6,4,False,True,False,double,-0.37670250896057345
6,4,False,False,True,stand,0
6,4,False,False,True,draw,0
6,4,False,False,True,split,0
6,4,False,False,False,stand,-0.07806451612903226
6,4,False,False,False,draw,-0.009567692307692296
6,5,False,True,True,stand,-0.23404255319148937
6,5,False,True,True,draw,-0.11825581395348839
6,5,False,True,True,double,-0.22448979591836735
6,5,False,True,True,split,0.22660340564823211
6,5,False,True,False,stand,-0.03200404448938321
6,5,False,True,False,draw,-0.030335772492931987
6,5,False,True,False,double,-0.08336747759282971
6,5,False,False,True,stand,0
6,5,False,False,True,draw,0
6,5,False,False,True,split,0
6,5,False,False,False,stand,-0.9333333333333332
6,5,False,False,False,draw,-0.25651928279999997
6,6,False,True,True,stand,-0.12568306010928962
6,6,False,True,True,draw,0.033210526315789496
6,6,False,True,True,double,-0.5027932960893855
6,6,False,True,True,split,0.2027927020138055
6,6,False,True,False,stand,-0.13335589005235604
6,6,False,True,False,draw,-0.024456543128894722
6,6,False,True,False,double,-0.16573720930232558
6,6,False,False,True,stand,0
6,6,False,False,True,draw,0
6,6,False,False,True,split,0
6,6,False,False,False,stand,-0.14300000000000002
6,6,False,False,False,draw,-0.18225803571428573
6,7,False,True,True,stand,-0.550561797752809
6,7,False,True,True,draw,-0.18619686121728904
6,7,False,True,True,double,-0.5882352941176471
6,7,False,True,True,split,-0.33977935716763
6,7,False,True,False,stand,-0.48739178515007897
6,7,False,True,False,draw,-0.1815398618063112
6,7,False,True,False,double,-0.9196638888888887
6,7,False,False,True,stand,0
6,7,False,False,True,draw,0
6,7,False,False,True,split,0
6,7,False,False,False,stand,-0.66875
6,7,False,False,False,draw,-0.20085467553191488
6,8,False,True,True,stand,-0.5255813953488372
6,8,False,True,True,draw,-0.22168265144454802
6,8,False,True,True,double,-0.8248587570621468
6,8,False,True,True,split,-0.24635868882352938
6,8,False,True,False,stand,-0.5151900709219858
6,8,False,True,False,draw,-0.2330086942850839
6,8,False,True,False,double,-0.9712721893491123
6,8,False,False,True,stand,0
6,8,False,False,True,draw,0
6,8,False,False,True,split,0
6,8,False,False,False,stand,-0.5
6,8,False,False,False,draw,-0.25456400735294116
6,9,False,True,True,stand,-0.5056179775280899
6,9,False,True,True,draw,-0.2857555034053894
6,9,False,True,True,double,-1.108695652173913
6,9,False,True,True,split,-0.3358152914684211
6,9,False,True,False,stand,-0.5088235294117647
6,9,False,True,False,draw,-0.2931678473893366
6,9,False,True,False,double,-1.1215976331360948
6,9,False,False,True,stand,0
6,9,False,False,True,draw,0
6,9,False,False,True,split,0
6,9,False,False,False,stand,-0.6
6,9,False,False,False,draw,-0.25837529880478094
6,10,False,True,True,stand,-0.5702075702075702
6,10,False,True,True,draw,-0.3393797812083519
6,10,False,True,True,double,-1.1090425531914894
6,10,False,True,True,split,-0.49413425367672414
6,10,False,True,False,stand,-0.5896024437548487
6,10,False,True,False,draw,-0.34425592129237004
6,10,False,True,False,double,-1.1415515843773028
6,10,False,False,True,stand,0
6,10,False,False,True,draw,0
6,10,False,False,True,split,0
6,10,False,False,False,stand,-0.7288135593220338
6,10,False,False,False,draw,-0.3328259403254974
6,11,False,True,True,stand,-0.8153846153846154
6,11,False,True,True,draw,-0.42932469569080417
6,11,False,True,True,double,-1.4607843137254901
6,11,False,True,True,split,-0.6625260507692308
6,11,False,True,False,stand,-0.7899102132435465
6,11,False,True,False,draw,-0.4248812529216721
6,11,False,True,False,double,-1.557019667170953
6,11,False,False,True,stand,0
6,11,False,False,True,draw,0
6,11,False,False,True,split,0
6,11,False,False,False,stand,-0.8
6,11,False,False,False,draw,-0.5091153460714285
7,2,False,True,False,stand,-0.3028951342281879
7,2,False,True,False,draw,-0.1270972710036366
7,2,False,True,False,double,-0.44132969307637404
7,2,False,False,False,stand,-0.44807692307692304
7,2,False,False,False,draw,-0.15361583916083915
7,3,False,True,False,stand,-0.2085780757097792
7,3,False,True,False,draw,-0.08661500633635212
7,3,False,True,False,double,-0.34984495488105005
7,3,False,False,False,stand,-0.1265
7,3,False,False,False,draw,-0.09776603957273654
7,4,False,True,False,stand,-0.1874137129575828
7,4,False,True,False,draw,-0.02514040953699044
7,4,False,True,False,double,-0.24943292181069956
7,4,False,False,False,stand,-0.25612244897959185
7,4,False,False,False,draw,-0.036015882352941175
7,5,False,True,False,stand,-0.04350863895680523
7,5,False,True,False,draw,0.02602923922152901
7,5,False,True,False,double,-0.11616873134328358
7,5,False,False,False,stand,-0.14411764705882352
7,5,False,False,False,draw,0.03188270289413557
7,6,False,True,False,stand,-0.14771466314398943
7,6,False,True,False,draw,0.02465696632002869
7,6,False,True,False,double,-0.03915563823697767
7,6,False,False,False,stand,-0.2014
7,6,False,False,False,draw,0.024590742545454538
7,7,False,True,False,stand,-0.4593015037593985
7,7,False,True,False,draw,-0.09053950772596747
7,7,False,True,False,double,-0.609090841399851
7,7,False,False,False,stand,-0.42093023255813955
7,7,False,False,False,draw,-0.11767378971654582
7,8,False,True,False,stand,-0.5172783346183502
7,8,False,True,False,draw,-0.2190629735954594
7,8,False,True,False,double,-0.7858687815428983
7,8,False,False,False,stand,-0.5402298850574713
7,8,False,False,False,draw,-0.2475231451905626
7,9,False,True,False,stand,-0.5599629903774982
7,9,False,True,False,draw,-0.2786966068385466
7,9,False,True,False,double,-1.035615207373272
7,9,False,False,False,stand,-0.3623376623376623
7,9,False,False,False,draw,-0.25993230816831686
7,10,False,True,False,stand,-0.5915396085740914
7,10,False,True,False,draw,-0.3367155986193362
7,10,False,True,False,double,-1.05458024216798
7,10,False,False,False,stand,-0.6185975609756098
7,10,False,False,False,draw,-0.34201494209039557
7,11,False,True,False,stand,-0.781811320754717
7,11,False,True,False,draw,-0.44611778310496064
7,11,False,True,False,double,-1.325861003861004
7,11,False,False,False,stand,-0.7608695652173914
7,11,False,False,False,draw,-0.4407690693641619
8,2,False,True,True,stand,-0.2222222222222222
8,2,False,True,True,draw,-0.055878914405010444
8,2,False,True,True,double,-0.18402426693629928
8,2,False,True,True,split,-0.15740768670675706
8,2,False,True,False,stand,-0.3171087689713322
8,2,False,True,False,draw,-0.03532948007308085
8,2,False,True,False,double,-0.1148668941979522
8,2,False,False,True,stand,0
8,2,False,False,True,draw,0
8,2,False,False,True,split,0
8,2,False,False,False,stand,-0.37171717171717167
8,2,False,False,False,draw,-0.03676607083563918
8,3,False,True,True,stand,-0.24468085106382978
8,3,False,True,True,draw,-0.018358788093550675
8,3,False,True,True,double,-0.054110301768990635
8,3,False,True,True,split,-0.0746026123404255
8,3,False,True,False,stand,-0.2587333612040134
8,3,False,True,False,draw,-0.005902366975357086
8,3,False,True,False,double,-0.1070857726344452
8,3,False,False,True,stand,0
8,3,False,False,True,draw,0
8,3,False,False,True,split,0
8,3,False,False,False,stand,-0.34176991150442476
8,3,False,False,False,draw,-0.016803283364661654
8,4,False,True,True,stand,-0.058823529411764705
8,4,False,True,True,draw,0.06991331269349846
8,4,False,True,True,double,0.01529051987767584
8,4,False,True,True,split,-0.07729578947368422
8,4,False,True,False,stand,-0.16404250720461094
8,4,False,True,False,draw,0.05236767257510293
8,4,False,True,False,double,0.01334985444743935
8,4,False,False,True,stand,0
8,4,False,False,True,draw,0
8,4,False,False,True,split,0
8,4,False,False,False,stand,-0.21333333333333332
8,4,False,False,False,draw,0.025810630985915496
8,5,False,True,True,stand,-0.14745308310991956
8,5,False,True,True,draw,0.026116071428571426
8,5,False,True,True,double,0.20244981286151753
8,5,False,True,True,split,0.12236885051813473
8,5,False,True,False,stand,-0.07953061224489795
8,5,False,True,False,draw,0.09399682203389831
8,5,False,True,False,double,0.151527275914456
8,5,False,False,True,stand,0
8,5,False,False,True,draw,0
8,5,False,False,True,split,0
8,5,False,False,False,stand,0.00010050251256281193
8,5,False,False,False,draw,0.08629833677259596
8,6,False,True,True,stand,-0.01834862385321101
8,6,False,True,True,draw,0.08398564593301436
8,6,False,True,True,double,0.13861386138613863
8,6,False,True,True,split,0.15994777699901283
8,6,False,True,False,stand,-0.20032188200149365
8,6,False,True,False,draw,0.10002042051608795
8,6,False,True,False,double,0.081961841308298
8,6,False,False,True,stand,0
8,6,False,False,True,draw,0
8,6,False,False,True,split,0
8,6,False,False,False,stand,-0.09706666666666666
8,6,False,False,False,draw,0.10253341714285716
8,7,False,True,True,stand,-0.4666666666666667
8,7,False,True,True,draw,0.08237722371967657
8,7,False,True,True,double,-0.057971014492753624
8,7,False,True,True,split,-0.29595263513089004
8,7,False,True,False,stand,-0.4661740088105727
8,7,False,True,False,draw,0.04749607820982722
8,7,False,True,False,double,-0.2117133283693224
8,7,False,False,True,stand,0
8,7,False,False,True,draw,0
8,7,False,False,True,split,0
8,7,False,False,False,stand,-0.4348797588235294
8,7,False,False,False,draw,0.03378352073178392
8,8,False,True,True,stand,-0.5724137931034483
8,8,False,True,True,draw,-0.07409249115111179
8,8,False,True,True,double,-0.2222222222222222
8,8,False,True,True,split,-0.10378531367578123
8,8,False,True,False,stand,-0.5092729357798165
8,8,False,True,False,draw,-0.0759619316763445
8,8,False,True,False,double,-0.4185738552437223
8,8,False,False,True,stand,0
8,8,False,False,True,draw,0
8,8,False,False,True,split,0
8,8,False,False,False,stand,-0.5585526315789474
8,8,False,False,False,draw,-0.07563330167079209
8,9,False,True,True,stand,-0.5904761904761905
8,9,False,True,True,draw,-0.1974369130434783
8,9,False,True,True,double,-0.676923076923077
8,9,False,True,True,split,-0.3082759278688525
8,9,False,True,False,stand,-0.5423372274143303
8,9,False,True,False,draw,-0.20854773403876203
8,9,False,True,False,double,-0.7383901377810007
8,9,False,False,True,stand,0
8,9,False,False,True,draw,0
8,9,False,False,True,split,0
8,9,False,False,False,stand,-0.5628415300546448
8,9,False,False,False,draw,-0.22963848217578367
8,10,False,True,True,stand,-0.5747126436781609
8,10,False,True,True,draw,-0.27870943692114686
8,10,False,True,True,double,-0.8761904761904762
8,10,False,True,True,split,-0.4798371194170213
8,10,False,True,False,stand,-0.6100211720226842
8,10,False,True,False,draw,-0.2782839667321005
8,10,False,True,False,double,-0.8555215734134436
8,10,False,False,True,stand,0
8,10,False,False,True,draw,0
8,10,False,False,True,split,0
8,10,False,False,False,stand,-0.5598641791044776
8,10,False,False,False,draw,-0.2905802203142967
8,11,False,True,True,stand,-0.797979797979798
8,11,False,True,True,draw,-0.3995765799256506
8,11,False,True,True,double,-1.169811320754717
8,11,False,True,True,split,-0.5660570268181818
8,11,False,True,False,stand,-0.7594656488549619
8,11,False,True,False,draw,-0.38765627680540066
8,11,False,True,False,double,-1.2146433990895296
8,11,False,False,True,stand,0
8,11,False,False,True,draw,0
8,11,False,False,True,split,0
8,11,False,False,False,stand,-0.8012422360248447
8,11,False,False,False,draw,-0.3971935122556625
9,2,False,True,False,stand,-0.2772668449197861
9,2,False,True,False,draw,0.05825823563608179
9,2,False,True,False,double,0.08909256449165402
9,2,False,False,False,stand,-0.18439215686274507
9,2,False,False,False,draw,0.027503770125427596
9,3,False,True,False,stand,-0.23425366242038215
9,3,False,True,False,draw,0.12406677796327215
9,3,False,True,False,double,0.1855324750468469
9,3,False,False,False,stand,-0.20756985294117647
9,3,False,False,False,draw,0.06815604352864015
9,4,False,True,False,stand,-0.17596891191709846
9,4,False,True,False,draw,0.12575535657179407
9,4,False,True,False,double,0.28274184251755285
9,4,False,False,False,stand,-0.07484662576687116
9,4,False,False,False,draw,0.11505497295742234
9,5,False,True,False,stand,-0.1169161091096243
9,5,False,True,False,draw,0.17267108525653255
9,5,False,True,False,double,0.37279056352943823
9,5,False,False,False,stand,-0.039448362720403016
9,5,False,False,False,draw,0.17545501721354625
9,6,False,True,False,stand,-0.11969250513347024
9,6,False,True,False,draw,0.15510462873674064
9,6,False,True,False,double,0.3803846483761978
9,6,False,False,False,stand,-0.06350137741046831
9,6,False,False,False,draw,0.17992462051999342
9,7,False,True,False,stand,-0.49449681628392483
9,7,False,True,False,draw,0.1342603216970315
9,7,False,True,False,double,0.13266681347720768
9,7,False,False,False,stand,-0.5181229773462784
9,7,False,False,False,draw,0.13813454502097902
9,8,False,True,False,stand,-0.5401080040020011
9,8,False,True,False,draw,0.0723475574944997
9,8,False,True,False,double,-0.01103947213114754
9,8,False,False,False,stand,-0.5218354430379747
9,8,False,False,False,draw,0.07047830791275275
9,9,False,True,False,stand,-0.5456153336729497
9,9,False,True,False,draw,-0.06824573139403796
9,9,False,True,False,double,-0.3081694168980564
9,9,False,False,False,stand,-0.5517241379310345
9,9,False,False,False,draw,-0.07488353247162674
9,10,False,True,False,stand,-0.5858069149477972
9,10,False,True,False,draw,-0.20298612252526652
9,10,False,True,False,double,-0.577603060616887
9,10,False,False,False,stand,-0.5935828877005348
9,10,False,False,False,draw,-0.2139189064129526
9,11,False,True,False,stand,-0.7612479797979798
9,11,False,True,False,draw,-0.313171702963812
9,11,False,True,False,double,-0.8588634975369458
9,11,False,False,False,stand,-0.7980437317784256
9,11,False,False,False,draw,-0.33981336504592974
10,2,False,True,True,stand,-0.2413793103448276
10,2,False,True,True,draw,0.11323404255319149
10,2,False,True,True,double,0.4527536231884058
10,2,False,True,True,split,-0.35052390502793296
10,2,False,True,False,stand,-0.23772613458528952
10,2,False,True,False,draw,0.18142857142857144
10,2,False,True,False,double,0.4346569640408125
10,2,False,False,True,stand,0
10,2,False,False,True,draw,0
10,2,False,False,True,split,0
10,2,False,False,False,stand,-0.2933839541547278
10,2,False,False,False,draw,0.1754348724040042
10,3,False,True,True,stand,-0.2254335260115607
10,3,False,True,True,draw,0.17449783923941228
10,3,False,True,True,double,0.532399299474606
10,3,False,True,True,split,0.04811313829787238
10,3,False,True,False,stand,-0.21056061834769388
10,3,False,True,False,draw,0.16879240943070728
10,3,False,True,False,double,0.49947189411677256
10,3,False,False,True,stand,0
10,3,False,False,True,draw,0
10,3,False,False,True,split,0
10,3,False,False,False,stand,-0.19054441260744986
10,3,False,False,False,draw,0.1974596771034483
10,4,False,True,True,stand,-0.26256983240223464
10,4,False,True,True,draw,0.23623212379935968
10,4,False,True,True,double,0.5872476514091545
10,4,False,True,True,split,0.10411484693877551
10,4,False,True,False,stand,-0.22122991689750696
10,4,False,True,False,draw,0.21111286222674125
10,4,False,True,False,double,0.5460542685878105
10,4,False,False,True,stand,0
10,4,False,False,True,draw,0
10,4,False,False,True,split,0
10,4,False,False,False,stand,-0.09424242424242424
10,4,False,False,False,draw,0.2511188132769448
10,5,False,True,True,stand,-0.030927835051546393
10,5,False,True,True,draw,0.26257731958762887
10,5,False,True,True,double,0.704225352112676
10,5,False,True,True,split,0.03440258035714288
10,5,False,True,False,stand,-0.14268450643776823
10,5,False,True,False,draw,0.27017615176151766
10,5,False,True,False,double,0.6480546415247227
10,5,False,False,True,stand,0
10,5,False,False,True,draw,0
10,5,False,False,True,split,0
10,5,False,False,False,stand,-0.05283789173789174
10,5,False,False,False,draw,0.28869011130384503
10,6,False,True,True,stand,-0.08421052631578947
10,6,False,True,True,draw,0.20352272727272733
10,6,False,True,True,double,0.7375201288244766
10,6,False,True,True,split,-0.18936630573248406
10,6,False,True,False,stand,-0.19343188996434033
10,6,False,True,False,draw,0.24816246498599442
10,6,False,True,False,double,0.6408995328495994
10,6,False,False,True,stand,0
10,6,False,False,True,draw,0
10,6,False,False,True,split,0
10,6,False,False,False,stand,-0.08084632516703785
10,6,False,False,False,draw,0.288847630761882
10,7,False,True,True,stand,-0.46153846153846156
10,7,False,True,True,draw,0.1401
10,7,False,True,True,double,0.4738872403560831
10,7,False,True,True,split,-0.39530453878612715
10,7,False,True,False,stand,-0.4848002561475409
10,7,False,True,False,draw,0.2250090579710145
10,7,False,True,False,double,0.44300407958926746
10,7,False,False,True,stand,0
10,7,False,False,True,draw,0
10,7,False,False,True,split,0
10,7,False,False,False,stand,-0.41830019120458894
10,7,False,False,False,draw,0.23425259027436748
10,8,False,True,True,stand,-0.5321637426900585
10,8,False,True,True,draw,0.15201934470377018
10,8,False,True,True,double,0.043859649122807015
10,8,False,True,True,split,-0.3270109341708543
10,8,False,True,False,stand,-0.5436273637374862
10,8,False,True,False,draw,0.15652422596414994
10,8,False,True,False,double,0.3035406636764334
10,8,False,False,True,stand,0
10,8,False,False,True,draw,0
10,8,False,False,True,split,0
10,8,False,False,False,stand,-0.5261930434782608
10,8,False,False,False,draw,0.19023295278157537
10,9,False,True,True,stand,-0.5164835164835165
10,9,False,True,True,draw,0.10935462403159653
10,9,False,True,True,double,0.05460750853242321
10,9,False,True,True,split,-0.5183249336413043
10,9,False,True,False,stand,-0.5699002991026919
10,9,False,True,False,draw,0.09015366927592955
10,9,False,True,False,double,0.1632356280388252
10,9,False,False,True,stand,0
10,9,False,False,True,draw,0
10,9,False,False,True,split,0
10,9,False,False,False,stand,-0.4954183266932271
10,9,False,False,False,draw,0.09513679254751228
10,10,False,True,True,stand,-0.5988538681948424
10,10,False,True,True,draw,-0.0497788617886179
10,10,False,True,True,double,-0.2867647058823529
10,10,False,True,True,split,-0.5728037065748032
10,10,False,True,False,stand,-0.5821742867728789
10,10,False,True,False,draw,-0.04038618203679988
10,10,False,True,False,double,-0.17744232531788998
10,10,False,False,True,stand,0
10,10,False,False,True,draw,0
10,10,False,False,True,split,0
10,10,False,False,False,stand,-0.6071608777725341
10,10,False,False,False,draw,-0.04166454274973176
10,11,False,True,True,stand,-0.7608695652173914
10,11,False,True,True,draw,-0.19475768318006528
10,11,False,True,True,double,-0.4878048780487805
10,11,False,True,True,split,-0.7466746348314607
10,11,False,True,False,stand,-0.7717513227513229
10,11,False,True,False,draw,-0.19440114531138156
10,11,False,True,False,double,-0.5730606212424849
10,11,False,False,True,stand,0
10,11,False,False,True,draw,0
10,11,False,False,True,split,0
10,11,False,False,False,stand,-0.8044280442804428
10,11,False,False,False,draw,-0.20248677835269274
11,2,False,True,False,stand,-0.2640531437125748
11,2,False,True,False,draw,0.2869331172657631
11,2,False,True,False,double,0.620646054055535
11,2,False,False,False,stand,-0.25558333333333333
11,2,False,False,False,draw,0.3197502450547284
11,3,False,True,False,stand,-0.20850122432859397
11,3,False,True,False,draw,0.2876746978243352
11,3,False,True,False,double,0.656556455169104
11,3,False,False,False,stand,-0.22899264705882352
11,3,False,False,False,draw,0.32434461151079136
11,4,False,True,False,stand,-0.2149198428290766
11,4,False,True,False,draw,0.32424442609413706
11,4,False,True,False,double,0.7165355981370409
11,4,False,False,False,stand,-0.16802552204176335
11,4,False,False,False,draw,0.3679668720171149
11,5,False,True,False,stand,-0.13982048417132217
11,5,False,True,False,draw,0.38802489626556014
11,5,False,True,False,double,0.7818060737969965
11,5,False,False,False,stand,-0.008673289183222962
11,5,False,False,False,draw,0.4038407459478506
11,6,False,True,False,stand,-0.17627360308285164
11,6,False,True,False,draw,0.36289031224979984
11,6,False,True,False,double,0.7816071921229325
11,6,False,False,False,stand,-0.08448717948717949
11,6,False,False,False,draw,0.40364900864323894
11,7,False,True,False,stand,-0.5090950580322828
11,7,False,True,False,draw,0.294634726674887
11,7,False,True,False,double,0.5125231961426595
11,7,False,False,False,stand,-0.4729395604395605
11,7,False,False,False,draw,0.3195539924130819
11,8,False,True,False,stand,-0.5088254095085898
11,8,False,True,False,draw,0.22913869987336427
11,8,False,True,False,double,0.37255429330853773
11,8,False,False,False,stand,-0.5031039136302294
11,8,False,False,False,draw,0.24999921799790725
11,9,False,True,False,stand,-0.5093653469227755
11,9,False,True,False,draw,0.183631
11,9,False,True,False,double,0.24914661821106915
11,9,False,False,False,stand,-0.5523464467005077
11,9,False,False,False,draw,0.18817851423273388
11,10,False,True,False,stand,-0.5617182797696453
11,10,False,True,False,draw,0.09005612427184466
11,10,False,True,False,double,0.09768617711356062
11,10,False,False,False,stand,-0.5959139795581931
11,10,False,False,False,draw,0.10188450223771092
11,11,False,True,False,stand,-0.7570134357005758
11,11,False,True,False,draw,0.049941421398276085
11,11,False,True,False,double,-0.09666882129277568
11,11,False,False,False,stand,-0.8164967320261438
11,11,False,False,False,draw,0.05234066857785272
12,2,True,True,True,stand,0
12,2,True,True,True,draw,0
12,2,True,True,True,double,0
12,2,True,True,True,split,0
12,2,False,True,True,stand,-0.2
12,2,False,True,True,draw,-0.12663911845730028
12,2,False,True,True,double,-0.28125
12,2,False,True,True,split,0.293111608997276
12,2,True,True,False,stand,0
12,2,True,True,False,draw,0
12,2,True,True,False,double,0
12,2,False,True,False,stand,-0.28076892336624354
12,2,False,True,False,draw,-0.2661784623214446
12,2,False,True,False,double,-0.5032873245916724
12,2,True,False,True,stand,0
12,2,True,False,True,draw,0
12,2,True,False,True,split,0
12,2,False,False,True,stand,0
12,2,False,False,True,draw,0
12,2,False,False,True,split,0
12,2,True,False,False,stand,0
12,2,True,False,False,draw,0
12,2,False,False,False,stand,-0.25947431777378815
12,2,False,False,False,draw,-0.25175835258143364
12,3,True,True,True,stand,0
12,3,True,True,True,draw,0
12,3,True,True,True,double,0
12,3,True,True,True,split,0
12,3,False,True,True,stand,-0.22666666666666666
12,3,False,True,True,draw,-0.07137362637362636
12,3,False,True,True,double,-0.11428571428571428
12,3,False,True,True,split,0.3532219984562771
12,3,True,True,False,stand,0
12,3,True,True,False,draw,0
12,3,True,True,False,double,0
12,3,False,True,False,stand,-0.25394418420007936
12,3,False,True,False,draw,-0.24434428227348748
12,3,False,True,False,double,-0.41697515937101576
12,3,True,False,True,stand,0
12,3,True,False,True,draw,0
12,3,True,False,True,split,0
12,3,False,False,True,stand,0
12,3,False,False,True,draw,0
12,3,False,False,True,split,0
12,3,True,False,False,stand,0
12,3,True,False,False,draw,0
12,3,False,False,False,stand,-0.25368415773353753
12,3,False,False,False,draw,-0.2360455913038376
12,4,True,True,True,stand,0
12,4,True,True,True,draw,0
12,4,True,True,True,double,0
12,4,True,True,True,split,0
12,4,False,True,True,stand,-0.1794871794871795
12,4,False,True,True,draw,-0.024186991869918694
12,4,False,True,True,double,-0.07459207459207459
12,4,False,True,True,split,0.4390197431742117
12,4,True,True,False,stand,0
12,4,True,True,False,draw,0
12,4,True,True,False,double,0
12,4,False,True,False,stand,-0.19139536646810915
12,4,False,True,False,draw,-0.21658364640883976
12,4,False,True,False,double,-0.4175805580558056
12,4,True,False,True,stand,0
12,4,True,False,True,draw,0
12,4,True,False,True,split,0
12,4,False,False,True,stand,0
12,4,False,False,True,draw,0
12,4,False,False,True,split,0
12,4,True,False,False,stand,0
12,4,True,False,False,draw,0
12,4,False,False,False,stand,-0.1453182706519954
12,4,False,False,False,draw,-0.14890333333333333
12,5,True,True,True,stand,0
12,5,True,True,True,draw,0
12,5,True,True,True,double,0
12,5,True,True,True,split,0
12,5,False,True,True,stand,-0.18796992481203006
12,5,False,True,True,draw,-0.04449333333333333
12,5,False,True,True,double,0.008264462809917356
12,5,False,True,True,split,0.5280992725634479
12,5,True,True,False,stand,0
12,5,True,True,False,draw,0
12,5,True,True,False,double,0
12,5,False,True,False,stand,-0.13933121766636872
12,5,False,True,False,draw,-0.1835909090909091
12,5,False,True,False,double,-0.3104899892125135
12,5,True,False,True,stand,0
12,5,True,False,True,draw,0
12,5,True,False,True,split,0
12,5,False,False,True,stand,0
12,5,False,False,True,draw,0
12,5,False,False,True,split,0
12,5,True,False,False,stand,0
12,5,True,False,False,draw,0
12,5,False,False,False,stand,-0.05624065158371041
12,5,False,False,False,draw,-0.060195814742967986
12,6,True,True,True,stand,0
12,6,True,True,True,draw,0
12,6,True,True,True,double,0
12,6,True,True,True,split,0
12,6,False,True,True,stand,-0.055944055944055944
12,6,False,True,True,draw,0.013144876325088345
12,6,False,True,True,double,0.23255813953488372
12,6,False,True,True,split,0.6447367680258285
12,6,True,True,False,stand,0
12,6,True,True,False,draw,0
12,6,True,True,False,double,0
12,6,False,True,False,stand,-0.15814762194580184
12,6,False,True,False,draw,-0.18551830613145126
12,6,False,True,False,double,-0.342220014294466
12,6,True,False,True,stand,0
12,6,True,False,True,draw,0
12,6,True,False,True,split,0
12,6,False,False,True,stand,0
12,6,False,False,True,draw,0
12,6,False,False,True,split,0
12,6,True,False,False,stand,0
12,6,True,False,False,draw,0
12,6,False,False,False,stand,-0.10350227506787754
12,6,False,False,False,draw,-0.11101912618524333
12,7,True,True,True,stand,0
12,7,True,True,True,draw,0
12,7,True,True,True,double,0
12,7,True,True,True,split,0
12,7,False,True,True,stand,-0.4660831509846827
12,7,False,True,True,draw,-0.06679461460957178
12,7,False,True,True,double,-0.33242506811989103
12,7,False,True,True,split,0.27831545966997184
12,7,True,True,False,stand,0
12,7,True,True,False,draw,0
12,7,True,True,False,double,0
12,7,False,True,False,stand,-0.4923353599648814
12,7,False,True,False,draw,-0.24513598834574296
12,7,False,True,False,double,-0.5343378092667567
12,7,True,False,True,stand,0
12,7,True,False,True,draw,0
12,7,True,False,True,split,0
12,7,False,False,True,stand,0
12,7,False,False,True,draw,0
12,7,False,False,True,split,0
12,7,True,False,False,stand,0
12,7,True,False,False,draw,0
12,7,False,False,False,stand,-0.48365457413249213
12,7,False,False,False,draw,-0.24893190542257493
12,8,True,True,True,stand,0
12,8,True,True,True,draw,0
12,8,True,True,True,double,0
12,8,True,True,True,split,0
12,8,False,True,True,stand,-0.5
12,8,False,True,True,draw,-0.181958217270195
12,8,False,True,True,double,-0.485
12,8,False,True,True,split,0.16103019817456452
12,8,True,True,False,stand,0
12,8,True,True,False,draw,0
12,8,True,True,False,double,0
12,8,False,True,False,stand,-0.5364685590586146
12,8,False,True,False,draw,-0.30312445974481267
12,8,False,True,False,double,-0.636440035666518
12,8,True,False,True,stand,0
12,8,True,False,True,draw,0
12,8,True,False,True,split,0
12,8,False,False,True,stand,0
12,8,False,False,True,draw,0
12,8,False,False,True,split,0
12,8,True,False,False,stand,0
12,8,True,False,False,draw,0
12,8,False,False,False,stand,-0.5086231474947072
12,8,False,False,False,draw,-0.3064867668828036
12,9,True,True,True,stand,0
12,9,True,True,True,draw,0
12,9,True,True,True,double,0
12,9,True,True,True,split,0
12,9,False,True,True,stand,-0.5388888888888889
12,9,False,True,True,draw,-0.23677014925373133
12,9,False,True,True,double,-0.5842696629213483
12,9,False,True,True,split,0.04265181604292421
12,9,True,True,False,stand,0
12,9,True,True,False,draw,0
12,9,True,True,False,double,0
12,9,False,True,False,stand,-0.5395692003514938
12,9,False,True,False,draw,-0.3665962650258751
12,9,False,True,False,double,-0.7302956766494033
12,9,True,False,True,stand,0
12,9,True,False,True,draw,0
12,9,True,False,True,split,0
12,9,False,False,True,stand,0
12,9,False,False,True,draw,0
12,9,False,False,True,split,0
12,9,True,False,False,stand,0
12,9,True,False,False,draw,0
12,9,False,False,False,stand,-0.5382929014472777
12,9,False,False,False,draw,-0.3712809570109182
12,10,True,True,True,stand,0
12,10,True,True,True,draw,0
12,10,True,True,True,double,0
12,10,True,True,True,split,0
12,10,False,True,True,stand,-0.5354107648725213
12,10,False,True,True,draw,-0.2203451452870305
12,10,False,True,True,double,-0.6874135546334716
12,10,False,True,True,split,-0.10535887691318527
12,10,True,True,False,stand,0
12,10,True,True,False,draw,0
12,10,True,True,False,double,0
12,10,False,True,False,stand,-0.5685713440036325
12,10,False,True,False,draw,-0.3890700474035417
12,10,False,True,False,double,-0.8312271120959037
12,10,True,False,True,stand,0
12,10,True,False,True,draw,0
12,10,True,False,True,split,0
12,10,False,False,True,stand,0
12,10,False,False,True,draw,0
12,10,False,False,True,split,0
12,10,True,False,False,stand,0
12,10,True,False,False,draw,0
12,10,False,False,False,stand,-0.5849101434426229
12,10,False,False,False,draw,-0.39866850029307616
12,11,True,True,True,stand,0
12,11,True,True,True,draw,0
12,11,True,True,True,double,0
12,11,True,True,True,split,0
12,11,False,True,True,stand,-0.8326693227091634
12,11,False,True,True,draw,-0.3991893958221746
12,11,False,True,True,double,-1.0112359550561798
12,11,False,True,True,split,-0.504154414364754
12,11,True,True,False,stand,0
12,11,True,True,False,draw,0
12,11,True,True,False,double,0
12,11,False,True,False,stand,-0.7805579017559457
12,11,False,True,False,draw,-0.4747787584800597
12,11,False,True,False,double,-1.116174685739055
12,11,True,False,True,stand,0
12,11,True,False,True,draw,0
12,11,True,False,True,split,0
12,11,False,False,True,stand,0
12,11,False,False,True,draw,0
12,11,False,False,True,split,0
12,11,True,False,False,stand,0
12,11,True,False,False,draw,0
12,11,False,False,False,stand,-0.7385304247990815
12,11,False,False,False,draw,-0.4881603223735934
13,2,True,True,False,stand,-0.20389093959731544
13,2,True,True,False,draw,0.029564579973610904
13,2,True,True,False,double,-0.1587445109780439
13,2,False,True,False,stand,-0.2936213882300623
13,2,False,True,False,draw,-0.31379512831665946
13,2,False,True,False,double,-0.5636567064881565
13,2,True,False,False,stand,0.362
13,2,True,False,False,draw,0.5564630303030303
13,2,False,False,False,stand,-0.28829446706741646
13,2,False,False,False,draw,-0.2940325781618225
13,3,True,True,False,stand,-0.26804302477183833
13,3,True,True,False,draw,0.06162688720233185
13,3,True,True,False,double,-0.0275699503968254
13,3,False,True,False,stand,-0.24556932161444117
13,3,False,True,False,draw,-0.31414879117312994
13,3,False,True,False,double,-0.5537675340768278
13,3,True,False,False,stand,0.38573684210526316
13,3,True,False,False,draw,0.476170375
13,3,False,False,False,stand,-0.23827895911017624
13,3,False,False,False,draw,-0.24154607816968543
13,4,True,True,False,stand,-0.18324808575803983
13,4,True,True,False,draw,0.05652795698924732
13,4,True,True,False,double,0.14342821950836002
13,4,False,True,False,stand,-0.18671292075277854
13,4,False,True,False,draw,-0.2968879762719598
13,4,False,True,False,double,-0.4949731733679204
13,4,True,False,False,stand,-0.775
13,4,True,False,False,draw,-0.0719913043478261
13,4,False,False,False,stand,-0.16790096226701015
13,4,False,False,False,draw,-0.19555671932596103
13,5,True,True,False,stand,-0.021542234332425064
13,5,True,True,False,draw,0.1451200657894737
13,5,True,True,False,double,0.2642972808182131
13,5,False,True,False,stand,-0.13701222467557625
13,5,False,True,False,draw,-0.2543059617547806
13,5,False,True,False,double,-0.4205032762629466
13,5,True,False,False,stand,-0.4414285714285713
13,5,True,False,False,draw,0.25545763492063495
13,5,False,False,False,stand,-0.078705197759888
13,5,False,False,False,draw,-0.08847107998192498
13,6,True,True,False,stand,-0.08849358059914408
13,6,True,True,False,draw,0.1518954802259887
13,6,True,True,False,double,0.2741196792134274
13,6,False,True,False,stand,-0.15707417636200052
13,6,False,True,False,draw,-0.27253207292370024
13,6,False,True,False,double,-0.42307005637467476
13,6,True,False,False,stand,0.23753623188405798
13,6,True,False,False,draw,0.19915714285714287
13,6,False,False,False,stand,-0.12324534658468796
13,6,False,False,False,draw,-0.12648031341821744
13,7,True,True,False,stand,-0.4006471755725191
13,7,True,True,False,draw,0.0878230518664262
13,7,True,True,False,double,-0.17868998484848486
13,7,False,True,False,stand,-0.4924618994413407
13,7,False,True,False,draw,-0.3071027806820403
13,7,False,True,False,double,-0.632352280939476
13,7,True,False,False,stand,-0.2781633333333333
13,7,True,False,False,draw,-0.26234309523809524
13,7,False,False,False,stand,-0.4543853727144866
13,7,False,False,False,draw,-0.3142584847478475
13,8,True,True,False,stand,-0.5255131222385862
13,8,True,True,False,draw,0.020926421654300628
13,8,True,True,False,double,-0.3652422907488987
13,8,False,True,False,stand,-0.533350298738659
13,8,False,True,False,draw,-0.3636972834067547
13,8,False,True,False,double,-0.727465521139498
13,8,True,False,False,stand,-0.23166666666666666
13,8,True,False,False,draw,0.27813499999999997
13,8,False,False,False,stand,-0.5330561696658098
13,8,False,False,False,draw,-0.3619412372230927
13,9,True,True,False,stand,-0.533452141802068
13,9,True,True,False,draw,-0.002142424313811436
13,9,True,True,False,double,-0.47537693069306936
13,9,False,True,False,stand,-0.5514249943091282
13,9,False,True,False,draw,-0.38146908799784934
13,9,False,True,False,double,-0.7865080920902667
13,9,True,False,False,stand,-1.0
13,9,True,False,False,draw,0.14218860250000004
13,9,False,False,False,stand,-0.5273750888585099
13,9,False,False,False,draw,-0.37786563711163335
13,10,True,True,False,stand,-0.5453467720170454
13,10,True,True,False,draw,-0.09354862425884208
13,10,True,True,False,double,-0.5577156348122868
13,10,False,True,False,stand,-0.5725260704576348
13,10,False,True,False,draw,-0.43565491594772465
13,10,False,True,False,double,-0.8960671438522966
13,10,True,False,False,stand,-0.06076923076923079
13,10,True,False,False,draw,0.03338623306748462
13,10,False,False,False,stand,-0.563019059197606
13,10,False,False,False,draw,-0.44149029991730904
13,11,True,True,False,stand,-0.7073786407766991
13,11,True,True,False,draw,-0.21685436845622635
13,11,True,True,False,double,-0.8094313725490196
13,11,False,True,False,stand,-0.7757370689655173
13,11,False,True,False,draw,-0.5113874864076905
13,11,False,True,False,double,-1.1457942679404576
13,11,True,False,False,stand,-1.0
13,11,True,False,False,draw,-0.9
13,11,False,False,False,stand,-0.7727218490715132
13,11,False,False,False,draw,-0.5260337643143632
14,2,True,True,True,stand,0
14,2,True,True,True,draw,0
14,2,True,True,True,double,0
14,2,True,True,True,split,0
14,2,False,True,True,stand,-0.2830188679245283
14,2,False,True,True,draw,-0.31368421052631573
14,2,False,True,True,double,-0.64
14,2,False,True,True,split,-0.08079434389857369
14,2,True,True,False,stand,-0.30330638002773924
14,2,True,True,False,draw,0.02928061263214963
14,2,True,True,False,double,-0.07243979706877114
14,2,False,True,False,stand,-0.2952137122038182
14,2,False,True,False,draw,-0.35795594262295083
14,2,False,True,False,double,-0.6991264961276695
14,2,True,False,True,stand,0
14,2,True,False,True,draw,0
14,2,True,False,True,split,0
14,2,False,False,True,stand,0
14,2,False,False,True,draw,0
14,2,False,False,True,split,0
14,2,True,False,False,stand,-1.1157142857142859
14,2,True,False,False,draw,-0.13544920634920637
14,2,False,False,False,stand,-0.27219581895022094
14,2,False,False,False,draw,-0.2762495731830078
14,3,True,True,True,stand,0
14,3,True,True,True,draw,0
14,3,True,True,True,double,0
14,3,True,True,True,split,0
14,3,False,True,True,stand,-0.22110035029878425
14,3,False,True,True,draw,-0.37135416666666665
14,3,False,True,True,double,-0.7333333333333333
14,3,False,True,True,split,-0.014179469618395302
14,3,True,True,False,stand,-0.3351968619246862
14,3,True,True,False,draw,0.05345027314443878
14,3,True,True,False,double,-0.07405872483221478
14,3,False,True,False,stand,-0.24241478480922105
14,3,False,True,False,draw,-0.36450393700787403
14,3,False,True,False,double,-0.7203262946204124
14,3,True,False,True,stand,0
14,3,True,False,True,draw,0
14,3,True,False,True,split,0
14,3,False,False,True,stand,0
14,3,False,False,True,draw,0
14,3,False,False,True,split,0
14,3,True,False,False,stand,0.13740740740740737
14,3,True,False,False,draw,0.09669545161290329
14,3,False,False,False,stand,-0.22574098408479468
14,3,False,False,False,draw,-0.27058570298769774
14,4,True,True,True,stand,0
14,4,True,True,True,draw,0
14,4,True,True,True,double,0
14,4,True,True,True,split,0
14,4,False,True,True,stand,-0.11351351351351352
14,4,False,True,True,draw,-0.3897727272727272
14,4,False,True,True,double,-0.9552238805970149
14,4,False,True,True,split,0.06649718502720987
14,4,True,True,False,stand,-0.2500288858321871
14,4,True,True,False,draw,0.09760640562380922
14,4,True,True,False,double,0.12452933108758421
14,4,False,True,False,stand,-0.19339657771805208
14,4,False,True,False,draw,-0.3516710875331565
14,4,False,True,False,double,-0.6134884410195613
14,4,True,False,True,stand,0
14,4,True,False,True,draw,0
14,4,True,False,True,split,0
14,4,False,False,True,stand,0
14,4,False,False,True,draw,0
14,4,False,False,True,split,0
14,4,True,False,False,stand,0.5125806451612902
14,4,True,False,False,draw,0.33781308474576277
14,4,False,False,False,stand,-0.17081442983151113
14,4,False,False,False,draw,-0.24344738728951654
14,5,True,True,True,stand,0
14,5,True,True,True,draw,0
14,5,True,True,True,double,0
14,5,True,True,True,split,0
14,5,False,True,True,stand,-0.12297962052002812
14,5,False,True,True,draw,-0.4068390804597701
14,5,False,True,True,double,-0.8877005347593583
14,5,False,True,True,split,0.19890655312500002
14,5,True,True,False,stand,-0.056111127379209376
14,5,True,True,False,draw,0.10349260237780712
14,5,True,True,False,double,0.24943417466941528
14,5,False,True,False,stand,-0.14053231257192578
14,5,False,True,False,draw,-0.35777297297297295
14,5,False,True,False,double,-0.5768441660140956
14,5,True,False,True,stand,0
14,5,True,False,True,draw,0
14,5,True,False,True,split,0
14,5,False,False,True,stand,0
14,5,False,False,True,draw,0
14,5,False,False,True,split,0
14,5,True,False,False,stand,0.2008095238095238
14,5,True,False,False,draw,0.08515428571428571
14,5,False,False,False,stand,-0.10956757371392722
14,5,False,False,False,draw,-0.17836814591332967
14,6,True,True,True,stand,0
14,6,True,True,True,draw,0
14,6,True,True,True,double,0
14,6,True,True,True,split,0
14,6,False,True,True,stand,-0.2537313432835821
14,6,False,True,True,draw,-0.3778488372093024
14,6,False,True,True,double,-0.6549707602339181
14,6,False,True,True,split,0.16795077806549885
14,6,True,True,False,stand,-0.12583518005540167
14,6,True,True,False,draw,0.15745680819912153
14,6,True,True,False,double,0.23183503485034845
14,6,False,True,False,stand,-0.1595473543578192
14,6,False,True,False,draw,-0.31859714134462674
14,6,False,True,False,double,-0.5787936143039591
14,6,True,False,True,stand,0
14,6,True,False,True,draw,0
14,6,True,False,True,split,0
14,6,False,False,True,stand,0
14,6,False,False,True,draw,0
14,6,False,False,True,split,0
14,6,True,False,False,stand,0.0518450704225352
14,6,True,False,False,draw,0.014486486486486523
14,6,False,False,False,stand,-0.10672316571790007
14,6,False,False,False,draw,-0.1120078298611111
14,7,True,True,True,stand,0
14,7,True,True,True,draw,0
14,7,True,True,True,double,0
14,7,True,True,True,split,0
14,7,False,True,True,stand,-0.46534653465346537
14,7,False,True,True,draw,-0.4466666666666667
14,7,False,True,True,double,-0.8080808080808081
14,7,False,True,True,split,-0.11623052551266584
14,7,True,True,False,stand,-0.49885296735905044
14,7,True,True,False,draw,0.04926986227746054
14,7,True,True,False,double,-0.014970116429495476
14,7,False,True,False,stand,-0.48621541891574743
14,7,False,True,False,draw,-0.3686684371807968
14,7,False,True,False,double,-0.7145431342521694
14,7,True,False,True,stand,0
14,7,True,False,True,draw,0
14,7,True,False,True,split,0
14,7,False,False,True,stand,0
14,7,False,False,True,draw,0
14,7,False,False,True,split,0
14,7,True,False,False,stand,-0.09999999999999998
14,7,True,False,False,draw,0.3675036
14,7,False,False,False,stand,-0.4752995386799148
14,7,False,False,False,draw,-0.3606810389469344
14,8,True,True,True,stand,0
14,8,True,True,True,draw,0
14,8,True,True,True,double,0
14,8,True,True,True,split,0
14,8,False,True,True,stand,-0.52
14,8,False,True,True,draw,-0.4208959000152416
14,8,False,True,True,double,-0.8253968253968254
14,8,False,True,True,split,-0.582846336734694
14,8,True,True,False,stand,-0.4560340773809524
14,8,True,True,False,draw,0.03452523223523006
14,8,True,True,False,double,-0.22051240524781343
14,8,False,True,False,stand,-0.5334565648246546
14,8,False,True,False,draw,-0.37122698681118405
14,8,False,True,False,double,-0.7414157422512234
14,8,True,False,True,stand,0
14,8,True,False,True,draw,0
14,8,True,False,True,split,0
14,8,False,False,True,stand,0
14,8,False,False,True,draw,0
14,8,False,False,True,split,0
14,8,True,False,False,stand,-0.775
14,8,True,False,False,draw,0.3323248717948718
14,8,False,False,False,stand,-0.5448177228058286
14,8,False,False,False,draw,-0.36930124469366443
14,9,True,True,True,stand,0
14,9,True,True,True,draw,0
14,9,True,True,True,double,0
14,9,True,True,True,split,0
14,9,False,True,True,stand,-0.5833333333333334
14,9,False,True,True,draw,-0.46624465342029425
14,9,False,True,True,double,-0.8587570621468926
14,9,False,True,True,split,-0.5468709384955751
14,9,True,True,False,stand,-0.48748230668414155
14,9,True,True,False,draw,-0.042205769653375635
14,9,True,True,False,double,-0.35351774691358023
14,9,False,True,False,stand,-0.5314024950755089
14,9,False,True,False,draw,-0.42475999603163084
14,9,False,True,False,double,-0.8332932270916336
14,9,True,False,True,stand,0
14,9,True,False,True,draw,0
14,9,True,False,True,split,0
14,9,False,False,True,stand,0
14,9,False,False,True,draw,0
14,9,False,False,True,split,0
14,9,True,False,False,stand,-0.595
14,9,True,False,False,draw,0.03488562413793103
14,9,False,False,False,stand,-0.5341348782634203
14,9,False,False,False,draw,-0.4221773109220657
14,10,True,True,True,stand,0
14,10,True,True,True,draw,0
14,10,True,True,True,double,0
14,10,True,True,True,split,0
14,10,False,True,True,stand,-0.5526348729503067
14,10,False,True,True,draw,-0.5520934171468483
14,10,False,True,True,double,-1.1428571428571428
14,10,False,True,True,split,-0.6082110465778401
14,10,True,True,False,stand,-0.5631870331219168
14,10,True,True,False,draw,-0.11772572176152178
14,10,True,True,False,double,-0.5521510841602352
14,10,False,True,False,stand,-0.5778326402919899
14,10,False,True,False,draw,-0.47994662065943683
14,10,False,True,False,double,-0.9531204736842105
14,10,True,False,True,stand,0
14,10,True,False,True,draw,0
14,10,True,False,True,split,0
14,10,False,False,True,stand,0
14,10,False,False,True,draw,0
14,10,False,False,True,split,0
14,10,True,False,False,stand,-0.7657999999999999
14,10,True,False,False,draw,-0.10608701145454548
14,10,False,False,False,stand,-0.5701943799722647
14,10,False,False,False,draw,-0.48275658241741887
14,11,True,True,True,stand,0
14,11,True,True,True,draw,0
14,11,True,True,True,double,0
14,11,True,True,True,split,0
14,11,False,True,True,stand,-0.7272727272727273
14,11,False,True,True,draw,-0.6034929749541844
14,11,False,True,True,double,-1.1020408163265305
14,11,False,True,True,split,-0.899277304736842
14,11,True,True,False,stand,-0.7488056680161943
14,11,True,True,False,draw,-0.23819666471191908
14,11,True,True,False,double,-0.9105907172995781
14,11,False,True,False,stand,-0.7714377308707123
14,11,False,True,False,draw,-0.5410245322304884
14,11,False,True,False,double,-1.1169716720982703
14,11,True,False,True,stand,0
14,11,True,False,True,draw,0
14,11,True,False,True,split,0
14,11,False,False,True,stand,0
14,11,False,False,True,draw,0
14,11,False,False,True,split,0
14,11,True,False,False,stand,0
14,11,True,False,False,draw,0.81
14,11,False,False,False,stand,-0.7790954234769688
14,11,False,False,False,draw,-0.555645014873717
15,2,True,True,False,stand,-0.2685952662721894
15,2,True,True,False,draw,-0.01398599965852826
15,2,True,True,False,double,-0.06798130530973452
15,2,False,True,False,stand,-0.2857449759836123
15,2,False,True,False,draw,-0.4099486916367368
15,2,False,True,False,double,-0.8297545251673693
15,2,True,False,False,stand,-0.3112135922330097
15,2,True,False,False,draw,-0.01901447222222223
15,2,False,False,False,stand,-0.2857790767018982
15,2,False,False,False,draw,-0.29174937867733586
15,3,True,True,False,stand,-0.25070936750272627
15,3,True,True,False,draw,0.0211212583636577
15,3,True,True,False,double,-0.011346845027763751
15,3,False,True,False,stand,-0.24271193781827927
15,3,False,True,False,draw,-0.4409060745278203
15,3,False,True,False,double,-0.821399899142713
15,3,True,False,False,stand,-0.23625
15,3,True,False,False,draw,0.026043396631736528
15,3,False,False,False,stand,-0.23892894865601388
15,3,False,False,False,draw,-0.32250458908263835
15,4,True,True,False,stand,-0.15766666666666665
15,4,True,True,False,draw,0.07847327502429542
15,4,True,True,False,double,0.10741483081353491
15,4,False,True,False,stand,-0.19339447994003428
15,4,False,True,False,draw,-0.42695608531994983
15,4,False,True,False,double,-0.7955533097524002
15,4,True,False,False,stand,-0.4351351351351352
15,4,True,False,False,draw,0.07297136585365853
15,4,False,False,False,stand,-0.16311713067875255
15,4,False,False,False,draw,-0.28205388823529415
15,5,True,True,False,stand,-0.07663185378590077
15,5,True,True,False,draw,0.03488625
15,5,True,True,False,double,0.21854961372916895
15,5,False,True,False,stand,-0.14236743042801137
15,5,False,True,False,draw,-0.3948205596107056
15,5,False,True,False,double,-0.7231945537065054
15,5,True,False,False,stand,-0.19090909090909092
15,5,True,False,False,draw,0.14116232000000006
15,5,False,False,False,stand,-0.11880254841549294
15,5,False,False,False,draw,-0.1968035028157683
15,6,True,True,False,stand,-0.14194912790697675
15,6,True,True,False,draw,0.09250213371266003
15,6,True,True,False,double,0.2179756820760768
15,6,False,True,False,stand,-0.16077035495138298
15,6,False,True,False,draw,-0.4070002311070025
15,6,False,True,False,double,-0.7725367081897695
15,6,True,False,False,stand,-0.42857142857142855
15,6,True,False,False,draw,0.2079745524475525
15,6,False,False,False,stand,-0.13803448651593572
15,6,False,False,False,draw,-0.19620166604961126
15,7,True,True,False,stand,-0.47100858806404655
15,7,True,True,False,draw,0.023853868101545255
15,7,True,True,False,double,-0.10416717791411043
15,7,False,True,False,stand,-0.507952693823916
15,7,False,True,False,draw,-0.3810789991012181
15,7,False,True,False,double,-0.715291737671056
15,7,True,False,False,stand,-0.45567901234567904
15,7,True,False,False,draw,0.022058150873786406
15,7,False,False,False,stand,-0.46668276436303086
15,7,False,False,False,draw,-0.37364573387325734
15,8,True,True,False,stand,-0.4958644578313253
15,8,True,True,False,draw,-0.025370210861567193
15,8,True,True,False,double,-0.3982891509433962
15,8,False,True,False,stand,-0.5307256819351517
15,8,False,True,False,draw,-0.42581359212017317
15,8,False,True,False,double,-0.8390603702709954
15,8,True,False,False,stand,-0.4819148936170212
15,8,True,False,False,draw,-0.002494615208588962
15,8,False,False,False,stand,-0.5144226980728052
15,8,False,False,False,draw,-0.4197689695061583
15,9,True,True,False,stand,-0.5152979108635097
15,9,True,True,False,draw,-0.10386194680559366
15,9,True,True,False,double,-0.3575217391304348
15,9,False,True,False,stand,-0.5262372230808862
15,9,False,True,False,draw,-0.4763706745320302
15,9,False,True,False,double,-0.9048128157404947
15,9,True,False,False,stand,-0.425931654676259
15,9,True,False,False,draw,-0.07859604329501917
15,9,False,False,False,stand,-0.554377200108313
15,9,False,False,False,draw,-0.467711492589075
15,10,True,True,False,stand,-0.5772038720292504
15,10,True,True,False,draw,-0.1655701369038518
15,10,True,True,False,double,-0.5164784704603117
15,10,False,True,False,stand,-0.5761711807871915
15,10,False,True,False,draw,-0.5264990747923238
15,10,False,True,False,double,-1.038119771475209
15,10,True,False,False,stand,-0.5630291545189504
15,10,True,False,False,draw,-0.16281023563523686
15,10,False,False,False,stand,-0.5792774062285466
15,10,False,False,False,draw,-0.5258562512487139
15,11,True,True,False,stand,-0.7038135593220338
15,11,True,True,False,draw,-0.2834401348662393
15,11,True,True,False,double,-0.8718929254302104
15,11,False,True,False,stand,-0.7534257880910683
15,11,False,True,False,draw,-0.5845874110919995
15,11,False,True,False,double,-1.2107231595092025
15,11,True,False,False,stand,-0.5454545454545454
15,11,True,False,False,draw,-0.276549896969697
15,11,False,False,False,stand,-0.7710732508209144
15,11,False,False,False,draw,-0.5965130693660847
16,2,True,True,True,stand,0
16,2,True,True,True,draw,0
16,2,True,True,True,double,0
16,2,True,True,True,split,0
16,2,False,True,True,stand,-0.2849162011173184
16,2,False,True,True,draw,-0.4551744186046512
16,2,False,True,True,double,-0.7015706806282722
16,2,False,True,True,split,0.031169309770373698
16,2,True,True,False,stand,-0.2096373779637378
16,2,True,True,False,draw,-0.03379041574857938
16,2,True,True,False,double,-0.09047210015329586
16,2,False,True,False,stand,-0.2974872303113601
16,2,False,True,False,draw,-0.46516731986735005
16,2,False,True,False,double,-0.9002956744450769
16,2,True,False,True,stand,0
16,2,True,False,True,draw,0
16,2,True,False,True,split,0
16,2,False,False,True,stand,0
16,2,False,False,True,draw,0
16,2,False,False,True,split,0
16,2,True,False,False,stand,-0.26995884773662554
16,2,True,False,False,draw,-0.025159311246730612
16,2,False,False,False,stand,-0.2869054882238162
16,2,False,False,False,draw,-0.35801369168356995
16,3,True,True,True,stand,0
16,3,True,True,True,draw,0
16,3,True,True,True,double,0
16,3,True,True,True,split,0
16,3,False,True,True,stand,-0.13110539845758354
16,3,False,True,True,draw,-0.38333333333333336
16,3,False,True,True,double,-0.6467661691542289
16,3,False,True,True,split,0.1055866335726287
16,3,True,True,False,stand,-0.17894867647058824
16,3,True,True,False,draw,0.007769749465489827
16,3,True,True,False,double,-0.03980196629213483
16,3,False,True,False,stand,-0.25136088868636347
16,3,False,True,False,draw,-0.47364514348785874
16,3,False,True,False,double,-0.8757453129506778
16,3,True,False,True,stand,0
16,3,True,False,True,draw,0
16,3,True,False,True,split,0
16,3,False,False,True,stand,0
16,3,False,False,True,draw,0
16,3,False,False,True,split,0
16,3,True,False,False,stand,-0.37950570342205325
16,3,True,False,False,draw,0.0032346240186100546
16,3,False,False,False,stand,-0.23024482613042996
16,3,False,False,False,draw,-0.32997645835543765
16,4,True,True,True,stand,0
16,4,True,True,True,draw,0
16,4,True,True,True,double,0
16,4,True,True,True,split,0
16,4,False,True,True,stand,-0.13541666666666666
16,4,False,True,True,draw,-0.4839378238341969
16,4,False,True,True,double,-0.8731563421828908
16,4,False,True,True,split,0.16566850983146067
16,4,True,True,False,stand,-0.1340926640926641
16,4,True,True,False,draw,-0.015332302936630609
16,4,True,True,False,double,0.09287866064310389
16,4,False,True,False,stand,-0.1977050764175056
16,4,False,True,False,draw,-0.476056685150955
16,4,False,True,False,double,-0.8464491930663479
16,4,True,False,True,stand,0
16,4,True,False,True,draw,0
16,4,True,False,True,split,0
16,4,False,False,True,stand,0
16,4,False,False,True,draw,0
16,4,False,False,True,split,0
16,4,True,False,False,stand,-0.17521323529411764
16,4,True,False,False,draw,0.047499540269616315
16,4,False,False,False,stand,-0.17561038858981498
16,4,False,False,False,draw,-0.30490400834938985
16,5,True,True,True,stand,0
16,5,True,True,True,draw,0
16,5,True,True,True,double,0
16,5,True,True,True,split,0
16,5,False,True,True,stand,-0.16
16,5,False,True,True,draw,-0.4627218934911242
16,5,False,True,True,double,-0.7294117647058823
16,5,False,True,True,split,0.2556766670187085
16,5,True,True,False,stand,-0.0523894324853229
16,5,True,True,False,draw,0.02657282343368592
16,5,True,True,False,double,0.15690476537452636
16,5,False,True,False,stand,-0.14792082290445566
16,5,False,True,False,draw,-0.45331049517284333
16,5,False,True,False,double,-0.8212647235576923
16,5,True,False,True,stand,0
16,5,True,False,True,draw,0
16,5,True,False,True,split,0
16,5,False,False,True,stand,0
16,5,False,False,True,draw,0
16,5,False,False,True,split,0
16,5,True,False,False,stand,-0.016765765765765772
16,5,True,False,False,draw,0.07278423578199052
16,5,False,False,False,stand,-0.11728907724450119
16,5,False,False,False,draw,-0.23633405305394564
16,6,True,True,True,stand,0
16,6,True,True,True,draw,0
16,6,True,True,True,double,0
16,6,True,True,True,split,0
16,6,False,True,True,stand,-0.11731843575418995
16,6,False,True,True,draw,-0.48663101604278075
16,6,False,True,True,double,-0.7727272727272727
16,6,False,True,True,split,0.32915589203513024
16,6,True,True,False,stand,-0.07857786885245902
16,6,True,True,False,draw,0.08399884259259259
16,6,True,True,False,double,0.2296266065765315
16,6,False,True,False,stand,-0.18625107264231097
16,6,False,True,False,draw,-0.4185991294024535
16,6,False,True,False,double,-0.6986679970972425
16,6,True,False,True,stand,0
16,6,True,False,True,draw,0
16,6,True,False,True,split,0
16,6,False,False,True,stand,0
16,6,False,False,True,draw,0
16,6,False,False,True,split,0
16,6,True,False,False,stand,-0.14825174825174825
16,6,True,False,False,draw,0.11436423870607922
16,6,False,False,False,stand,-0.14348207836743873
16,6,False,False,False,draw,-0.2049214215037008
16,7,True,True,True,stand,0
16,7,True,True,True,draw,0
16,7,True,True,True,double,0
16,7,True,True,True,split,0
16,7,False,True,True,stand,-0.47191011235955055
16,7,False,True,True,draw,-0.2964102564102564
16,7,False,True,True,double,-0.72
16,7,False,True,True,split,0.18334246928121248
16,7,True,True,False,stand,-0.4836011904761905
16,7,True,True,False,draw,-0.03989689059721187
16,7,True,True,False,double,-0.1494585561497326
16,7,False,True,False,stand,-0.4545132893496701
16,7,False,True,False,draw,-0.409291836062806
16,7,False,True,False,double,-0.7742376157957245
16,7,True,False,True,stand,0
16,7,True,False,True,draw,0
16,7,True,False,True,split,0
16,7,False,False,True,stand,0
16,7,False,False,True,draw,0
16,7,False,False,True,split,0
16,7,True,False,False,stand,-0.44762096774193544
16,7,True,False,False,draw,-0.02206850470692718
16,7,False,False,False,stand,-0.4928719414589527
16,7,False,False,False,draw,-0.4368399558837131
16,8,True,True,True,stand,0
16,8,True,True,True,draw,0
16,8,True,True,True,double,0
16,8,True,True,True,split,0
16,8,False,True,True,stand,-0.6009070294784581
16,8,False,True,True,draw,-0.4312671594508976
16,8,False,True,True,double,-0.68
16,8,False,True,True,split,-0.07766622905982906
16,8,True,True,False,stand,-0.4551347536443149
16,8,True,True,False,draw,-0.09591832098765433
16,8,True,True,False,double,-0.35613265550239237
16,8,False,True,False,stand,-0.5185087750823599
16,8,False,True,False,draw,-0.4494975939183696
16,8,False,True,False,double,-0.8179620367668514
16,8,True,False,True,stand,0
16,8,True,False,True,draw,0
16,8,True,False,True,split,0
16,8,False,False,True,stand,0
16,8,False,False,True,draw,0
16,8,False,False,True,split,0
16,8,True,False,False,stand,-0.5105802469135803
16,8,True,False,False,draw,-0.07344718227936224
16,8,False,False,False,stand,-0.5097529442079319
16,8,False,False,False,draw,-0.47346108942817394
16,9,True,True,True,stand,0
16,9,True,True,True,draw,0
16,9,True,True,True,double,0
16,9,True,True,True,split,0
16,9,False,True,True,stand,-0.4901863354037267
16,9,False,True,True,draw,-0.5497890295358651
16,9,False,True,True,double,-1.1063829787234043
16,9,False,True,True,split,-0.3384026635001827
16,9,True,True,False,stand,-0.5343153153153154
16,9,True,True,False,draw,-0.1584774761799247
16,9,True,True,False,double,-0.535965206185567
16,9,False,True,False,stand,-0.5401530745154689
16,9,False,True,False,draw,-0.4969404964211498
16,9,False,True,False,double,-0.9745262526898247
16,9,True,False,True,stand,0
16,9,True,False,True,draw,0
16,9,True,False,True,split,0
16,9,False,False,True,stand,0
16,9,False,False,True,draw,0
16,9,False,False,True,split,0
16,9,True,False,False,stand,-0.6191304347826088
16,9,True,False,False,draw,-0.1491127583815029
16,9,False,False,False,stand,-0.5418442473851751
16,9,False,False,False,draw,-0.5208278197922578
16,10,True,True,True,stand,0
16,10,True,True,True,draw,0
16,10,True,True,True,double,0
16,10,True,True,True,split,0
16,10,False,True,True,stand,-0.5773508594539939
16,10,False,True,True,draw,-0.5405309973045822
16,10,False,True,True,double,-1.032967032967033
16,10,False,True,True,split,-0.4697473087143473
16,10,True,True,False,stand,-0.5452513261648746
16,10,True,True,False,draw,-0.23195398604889822
16,10,True,True,False,double,-0.6129975347222222
16,10,False,True,False,stand,-0.5819956437836128
16,10,False,True,False,draw,-0.5478698948296531
16,10,False,True,False,double,-1.0824141123734445
16,10,True,False,True,stand,0
16,10,True,False,True,draw,0
16,10,True,False,True,split,0
16,10,False,False,True,stand,0
16,10,False,False,True,draw,0
16,10,False,False,True,split,0
16,10,True,False,False,stand,-0.5611587982832618
16,10,True,False,False,draw,-0.21053077963300196
16,10,False,False,False,stand,-0.5802870227467595
16,10,False,False,False,draw,-0.5666952607342765
16,11,True,True,True,stand,0
16,11,True,True,True,draw,0
16,11,True,True,True,double,0
16,11,True,True,True,split,0
16,11,False,True,True,stand,-0.7425742574257426
16,11,False,True,True,draw,-0.5903431151241535
16,11,False,True,True,double,-1.3785310734463276
16,11,False,True,True,split,-0.6721592318181818
16,11,True,True,False,stand,-0.7823870967741936
16,11,True,True,False,draw,-0.3354114547064031
16,11,True,True,False,double,-0.959331983805668
16,11,False,True,False,stand,-0.7703547671840355
16,11,False,True,False,draw,-0.5992313521704153
16,11,False,True,False,double,-1.151579745300182
16,11,True,False,True,stand,0
16,11,True,False,True,draw,0
16,11,True,False,True,split,0
16,11,False,False,True,stand,0
16,11,False,False,True,draw,0
16,11,False,False,True,split,0
16,11,True,False,False,stand,-0.75
16,11,True,False,False,draw,-0.30863794084856
16,11,False,False,False,stand,-0.7605620608899297
16,11,False,False,False,draw,-0.6343397399036256
17,2,True,True,False,stand,-0.13784422043010752
17,2,True,True,False,draw,0.023293196869355808
17,2,True,True,False,double,0.022970174947970868
17,2,False,True,False,stand,-0.15089867739597232
17,2,False,True,False,draw,-0.5476276463262765
17,2,False,True,False,double,-1.0352734420500873
17,2,True,False,False,stand,-0.1310854609929078
17,2,True,False,False,draw,-0.040412527291452116
17,2,False,False,False,stand,-0.1610412572132893
17,2,False,False,False,draw,-0.30690266942576305
17,3,True,True,False,stand,-0.05580413793103449
17,3,True,True,False,draw,0.03948284960422163
17,3,True,True,False,double,0.09257003057651526
17,3,False,True,False,stand,-0.12230906707970926
17,3,False,True,False,draw,-0.5354675810473816
17,3,False,True,False,double,-1.041526378186129
17,3,True,False,False,stand,-0.09351612903225807
17,3,True,False,False,draw,0.006717091647770216
17,3,False,False,False,stand,-0.11365807211950532
17,3,False,False,False,draw,-0.3117011097448509
17,4,True,True,False,stand,-0.017187499999999998
17,4,True,True,False,draw,0.05662460567823343
17,4,True,True,False,double,0.1879353080203463
17,4,False,True,False,stand,-0.06933521246014737
17,4,False,True,False,draw,-0.5599312929419114
17,4,False,True,False,double,-0.9312302839116718
17,4,True,False,False,stand,-0.011280000000000004
17,4,True,False,False,draw,0.030342638590459815
17,4,False,False,False,stand,-0.05754938014376498
17,4,False,False,False,draw,-0.4033236767216847
17,5,True,True,False,stand,0.022919089759797732
17,5,True,True,False,draw,0.13101937450304796
17,5,True,True,False,double,0.3198239238460157
17,5,False,True,False,stand,-0.03893712942292967
17,5,False,True,False,draw,-0.5050345260514751
17,5,False,True,False,double,-0.9574275944097532
17,5,True,False,False,stand,0.03328318584070797
17,5,True,False,False,draw,0.0928450269978402
17,5,False,False,False,stand,0.00650544989925795
17,5,False,False,False,draw,-0.15468986050566697
17,6,True,True,False,stand,0.019035056967572305
17,6,True,True,False,draw,0.12198388721047332
17,6,True,True,False,double,0.3186771859222946
17,6,False,True,False,stand,-0.012658409824919262
17,6,False,True,False,draw,-0.500090625
17,6,False,True,False,double,-0.8734525569021578
17,6,True,False,False,stand,-0.12710000000000002
17,6,True,False,False,draw,0.10133448486403285
17,6,False,False,False,stand,0.039424957002456996
17,6,False,False,False,draw,-0.14350461799719888
17,7,True,True,False,stand,-0.11423551020408163
17,7,True,True,False,draw,0.05790366858445506
17,7,True,True,False,double,-0.13627445255474452
17,7,False,True,False,stand,-0.12340253116618823
17,7,False,True,False,draw,-0.46772147001934233
17,7,False,True,False,double,-0.8062943504996156
17,7,True,False,False,stand,-0.061414
17,7,True,False,False,draw,0.025562840019240016
17,7,False,False,False,stand,-0.09302337323936097
17,7,False,False,False,draw,-0.3238161513031376
17,8,True,True,False,stand,-0.31710598639455784
17,8,True,True,False,draw,-0.03892958747432126
17,8,True,True,False,double,-0.3821147519582246
17,8,False,True,False,stand,-0.4005430532421353
17,8,False,True,False,draw,-0.5041509433962263
17,8,False,True,False,double,-0.9933026358607224
17,8,True,False,False,stand,-0.36833999999999995
17,8,True,False,False,draw,-0.0974379821004346
17,8,False,False,False,stand,-0.38873505248598056
17,8,False,False,False,draw,-0.4695505037199658
17,9,True,True,False,stand,-0.42216301608579093
17,9,True,True,False,draw,-0.10732023947557671
17,9,True,True,False,double,-0.3789468085106382
17,9,False,True,False,stand,-0.41777958773487894
17,9,False,True,False,draw,-0.5567867768595042
17,9,False,True,False,double,-1.0496899968040907
17,9,True,False,False,stand,-0.4100668789808917
17,9,True,False,False,draw,-0.14835589825715229
17,9,False,False,False,stand,-0.41225781332912187
17,9,False,False,False,draw,-0.48538342233256937
17,10,True,True,False,stand,-0.44397301626591235
17,10,True,True,False,draw,-0.18239301942700706
17,10,True,True,False,double,-0.5074669636493229
17,10,False,True,False,stand,-0.4562119517679809
17,10,False,True,False,draw,-0.5781222416520942
17,10,False,True,False,double,-1.1584308540385078
17,10,True,False,False,stand,-0.4367232964907433
17,10,True,False,False,draw,-0.21964572465503468
17,10,False,False,False,stand,-0.4628825141700133
17,10,False,False,False,draw,-0.5570280048053498
17,11,True,True,False,stand,-0.6397081712062257
17,11,True,True,False,draw,-0.33008208206023576
17,11,True,True,False,double,-0.9367337807606264
17,11,False,True,False,stand,-0.6307632989021565
17,11,False,True,False,draw,-0.6550188070929608
17,11,False,True,False,double,-1.2524328775637041
17,11,True,False,False,stand,-0.7252252252252253
17,11,True,False,False,draw,-0.3672775586883029
17,11,False,False,False,stand,-0.6429124809561721
17,11,False,False,False,draw,-0.6751420650694255
18,2,True,True,True,stand,0
18,2,True,True,True,draw,0
18,2,True,True,True,double,0
18,2,True,True,True,split,0
18,2,False,True,True,stand,0.08860759493670886
18,2,False,True,True,draw,-0.5953216374269006
18,2,False,True,True,double,-1.12707182320442
18,2,False,True,True,split,0.14149291077158138
18,2,True,True,False,stand,0.14515662650602412
18,2,True,True,False,draw,0.06547087776866285
18,2,True,True,False,double,0.16942729213254729
18,2,False,True,False,stand,0.12492442493507865
18,2,False,True,False,draw,-0.6211538461538462
18,2,False,True,False,double,-1.159978236812984
18,2,True,False,True,stand,0
18,2,True,False,True,draw,0
18,2,True,False,True,split,0
18,2,False,False,True,stand,0
18,2,False,False,True,draw,0
18,2,False,False,True,split,0
18,2,True,False,False,stand,0.15182953950811093
18,2,True,False,False,draw,0.13683911369193158
18,2,False,False,False,stand,0.11077499840835296
18,2,False,False,False,draw,-0.2785276508422665
18,3,True,True,True,stand,0
18,3,True,True,True,draw,0
18,3,True,True,True,double,0
18,3,True,True,True,split,0
18,3,False,True,True,stand,0.10961188599151
18,3,False,True,True,draw,-0.6657303370786517
18,3,False,True,True,double,-1.3410404624277457
18,3,False,True,True,split,0.07179269662921348
18,3,True,True,False,stand,0.1990151268922529
18,3,True,True,False,draw,0.07596439169139466
18,3,True,True,False,double,0.18844364523281595
18,3,False,True,False,stand,0.14640807115359086
18,3,False,True,False,draw,-0.6426852976913731
18,3,False,True,False,double,-1.1963079222720479
18,3,True,False,True,stand,0
18,3,True,False,True,draw,0
18,3,True,False,True,split,0
18,3,False,False,True,stand,0
18,3,False,False,True,draw,0
18,3,False,False,True,split,0
18,3,True,False,False,stand,0.14450463559103785
18,3,True,False,False,draw,0.14494667503136763
18,3,False,False,False,stand,0.1397238030095759
18,3,False,False,False,draw,-0.26867076306508497
18,4,True,True,True,stand,0
18,4,True,True,True,draw,0
18,4,True,True,True,double,0
18,4,True,True,True,split,0
18,4,False,True,True,stand,0.17061611374407584
18,4,False,True,True,draw,-0.5682926829268292
18,4,False,True,True,double,-1.3962264150943395
18,4,False,True,True,split,0.25613483954372623
18,4,True,True,False,stand,0.21995695779981064
18,4,True,True,False,draw,0.13659701492537316
18,4,True,True,False,double,0.15803185437997722
18,4,False,True,False,stand,0.15942541015881354
18,4,False,True,False,draw,-0.6100387596899225
18,4,False,True,False,double,-1.0635789080029916
18,4,True,False,True,stand,0
18,4,True,False,True,draw,0
18,4,True,False,True,split,0
18,4,False,False,True,stand,0
18,4,False,False,True,draw,0
18,4,False,False,True,split,0
18,4,True,False,False,stand,0.22877402661409565
18,4,True,False,False,draw,0.20717194092827004
18,4,False,False,False,stand,0.19168290189911696
18,4,False,False,False,draw,-0.2252269932224276
18,5,True,True,True,stand,0
18,5,True,True,True,draw,0
18,5,True,True,True,double,0
18,5,True,True,True,split,0
18,5,False,True,True,stand,0.21051842972729998
18,5,False,True,True,draw,-0.5802395209580838
18,5,False,True,True,double,-1.0588235294117647
18,5,False,True,True,split,0.16251674641148325
18,5,True,True,False,stand,0.25456190110565113
18,5,True,True,False,draw,0.18312154696132593
18,5,True,True,False,double,0.3883336403190718
18,5,False,True,False,stand,0.20184952596178277
18,5,False,True,False,draw,-0.5723730814639906
18,5,False,True,False,double,-1.0285714285714285
18,5,True,False,True,stand,0
18,5,True,False,True,draw,0
18,5,True,False,True,split,0
18,5,False,False,True,stand,0
18,5,False,False,True,draw,0
18,5,False,False,True,split,0
18,5,True,False,False,stand,0.20994984825493168
18,5,True,False,False,draw,0.1882108939526731
18,5,False,False,False,stand,0.24454099684522682
18,5,False,False,False,draw,-0.07138031190935391
18,6,True,True,True,stand,0
18,6,True,True,True,draw,0
18,6,True,True,True,double,0
18,6,True,True,True,split,0
18,6,False,True,True,stand,0.26405906377631166
18,6,False,True,True,draw,-0.5666666666666665
18,6,False,True,True,double,-1.1595744680851063
18,6,False,True,True,split,0.25139629629629634
18,6,True,True,False,stand,0.29825588865096364
18,6,True,True,False,draw,0.2066763358778626
18,6,True,True,False,double,0.4085510360706063
18,6,False,True,False,stand,0.26704496751094015
18,6,False,True,False,draw,-0.6093872741555381
18,6,False,True,False,double,-1.042316025401569
18,6,True,False,True,stand,0
18,6,True,False,True,draw,0
18,6,True,False,True,split,0
18,6,False,False,True,stand,0
18,6,False,False,True,draw,0
18,6,False,False,True,split,0
18,6,True,False,False,stand,0.3249633634431456
18,6,True,False,False,draw,0.30785491803278686
18,6,False,False,False,stand,0.29683163501621124
18,6,False,False,False,draw,-0.012625613079019075
18,7,True,True,True,stand,0
18,7,True,True,True,draw,0
18,7,True,True,True,double,0
18,7,True,True,True,split,0
18,7,False,True,True,stand,0.40330730362884704
18,7,False,True,True,draw,-0.5685863874345549
18,7,False,True,True,double,-1.0481283422459893
18,7,False,True,True,split,0.30511710000000003
18,7,True,True,False,stand,0.40860503558718864
18,7,True,True,False,draw,0.12959638554216868
18,7,True,True,False,double,0.3277113752122241
18,7,False,True,False,stand,0.387851649121163
18,7,False,True,False,draw,-0.5820381406436234
18,7,False,True,False,double,-0.9793228715728716
18,7,True,False,True,stand,0
18,7,True,False,True,draw,0
18,7,True,False,True,split,0
18,7,False,False,True,stand,0
18,7,False,False,True,draw,0
18,7,False,False,True,split,0
18,7,True,False,False,stand,0.436059091393836
18,7,True,False,False,draw,0.33470841356673964
18,7,False,False,False,stand,0.4159667827057333
18,7,False,False,False,draw,-0.1996611602885162
18,8,True,True,True,stand,0
18,8,True,True,True,draw,0
18,8,True,True,True,double,0
18,8,True,True,True,split,0
18,8,False,True,True,stand,0.07232943321683635
18,8,False,True,True,draw,-0.5978835978835979
18,8,False,True,True,double,-1.1445086705202312
18,8,False,True,True,split,-0.04446263157894735
18,8,True,True,False,stand,0.1289297585219296
18,8,True,True,False,draw,0.002965722801788368
18,8,True,True,False,double,0.04332621035058431
18,8,False,True,False,stand,0.09887314964092041
18,8,False,True,False,draw,-0.5892438271604938
18,8,False,True,False,double,-1.0462267080745342
18,8,True,False,True,stand,0
18,8,True,False,True,draw,0
18,8,True,False,True,split,0
18,8,False,False,True,stand,0
18,8,False,False,True,draw,0
18,8,False,False,True,split,0
18,8,True,False,False,stand,0.12291288041148737
18,8,True,False,False,draw,0.11924227099236642
18,8,False,False,False,stand,0.0991623616908424
18,8,False,False,False,draw,-0.35638045554716985
18,9,True,True,True,stand,0
18,9,True,True,True,draw,0
18,9,True,True,True,double,0
18,9,True,True,True,split,0
18,9,False,True,True,stand,-0.13861386138613863
18,9,False,True,True,draw,-0.5528089887640449
18,9,False,True,True,double,-0.9411764705882353
18,9,False,True,True,split,-0.08514286067583733
18,9,True,True,False,stand,-0.13405248226950356
18,9,True,True,False,draw,-0.07106254711143614
18,9,True,True,False,double,-0.16714441916167666
18,9,False,True,False,stand,-0.1948902284266051
18,9,False,True,False,draw,-0.5978813221823974
18,9,False,True,False,double,-1.1158353400222965
18,9,True,False,True,stand,0
18,9,True,False,True,draw,0
18,9,True,False,True,split,0
18,9,False,False,True,stand,0
18,9,False,False,True,draw,0
18,9,False,False,True,split,0
18,9,True,False,False,stand,-0.13490974729241875
18,9,True,False,False,draw,-0.08704789168711985
18,9,False,False,False,stand,-0.18704550673342915
18,9,False,False,False,draw,-0.47746674887085866
18,10,True,True,True,stand,0
18,10,True,True,True,draw,0
18,10,True,True,True,double,0
18,10,True,True,True,split,0
18,10,False,True,True,stand,-0.2037878498606285
18,10,False,True,True,draw,-0.5826725403817915
18,10,False,True,True,double,-1.281767955801105
18,10,False,True,True,split,-0.21273510306122448
18,10,True,True,False,stand,-0.23777859964093356
18,10,True,True,False,draw,-0.14879600235336968
18,10,True,True,False,double,-0.4278747583643123
18,10,False,True,False,stand,-0.22496509191361852
18,10,False,True,False,draw,-0.6401097256857856
18,10,False,True,False,double,-1.2664411672958473
18,10,True,False,True,stand,0
18,10,True,False,True,draw,0
18,10,True,False,True,split,0
18,10,False,False,True,stand,0
18,10,False,False,True,draw,0
18,10,False,False,True,split,0
18,10,True,False,False,stand,-0.22530859888720284
18,10,True,False,False,draw,-0.17585802956937166
18,10,False,False,False,stand,-0.24143104794972453
18,10,False,False,False,draw,-0.5247500348417722
18,11,True,True,True,stand,0
18,11,True,True,True,draw,0
18,11,True,True,True,double,0
18,11,True,True,True,split,0
18,11,False,True,True,stand,-0.3774
18,11,False,True,True,draw,-0.6569148936170213
18,11,False,True,True,double,-1.4196891191709844
18,11,False,True,True,split,-0.5134128376021798
18,11,True,True,False,stand,-0.34
18,11,True,True,False,draw,-0.28122714317690073
18,11,True,True,False,double,-0.7165991902834008
18,11,False,True,False,stand,-0.3569779399453033
18,11,False,True,False,draw,-0.6844203470031546
18,11,False,True,False,double,-1.42007722007722
18,11,True,False,True,stand,0
18,11,True,False,True,draw,0
18,11,True,False,True,split,0
18,11,False,False,True,stand,0
18,11,False,False,True,draw,0
18,11,False,False,True,split,0
18,11,True,False,False,stand,-0.35089365351629503
18,11,True,False,False,draw,-0.2961880237672881
18,11,False,False,False,stand,-0.3967859912584054
18,11,False,False,False,draw,-0.6856407529505583
19,2,True,True,False,stand,0.4152294398092968
19,2,True,True,False,draw,0.04182525510204081
19,2,True,True,False,double,0.3621227621483376
19,2,False,True,False,stand,0.3823848289839052
19,2,False,True,False,draw,-0.7368932038834951
19,2,False,True,False,double,-1.3827504690431518
19,2,True,False,False,stand,0.39175056103023514
19,2,True,False,False,draw,0.30717015925266905
19,2,False,False,False,stand,0.3780823496140538
19,2,False,False,False,draw,-0.21878227359693878
19,3,True,True,False,stand,0.42871187918102577
19,3,True,True,False,draw,0.14346153846153847
19,3,True,True,False,double,0.3520135527589545
19,3,False,True,False,stand,0.3839394911118857
19,3,False,True,False,draw,-0.7304243394715773
19,3,False,True,False,double,-1.373765234375
19,3,True,False,False,stand,0.3988638343705122
19,3,True,False,False,draw,0.29943541047188105
19,3,False,False,False,stand,0.40749101067929094
19,3,False,False,False,draw,-0.16921623734533187
19,4,True,True,False,stand,0.4286534521515736
19,4,True,True,False,draw,0.18157812499999998
19,4,True,True,False,double,0.4202882599580713
19,4,False,True,False,stand,0.4016963300676216
19,4,False,True,False,draw,-0.7282764098490867
19,4,False,True,False,double,-1.3030966201322556
19,4,True,False,False,stand,0.4438985154574132
19,4,True,False,False,draw,0.355760871754386
19,4,False,False,False,stand,0.40561445296729914
19,4,False,False,False,draw,-0.1735552129221733
19,5,True,True,False,stand,0.4671019057729249
19,5,True,True,False,draw,0.22057990867579907
19,5,True,True,False,double,0.4608391608391608
19,5,False,True,False,stand,0.450193040079827
19,5,False,True,False,draw,-0.7115625
19,5,False,True,False,double,-1.3764365599691477
19,5,True,False,False,stand,0.4675803011292347
19,5,True,False,False,draw,0.36113189368770765
19,5,False,False,False,stand,0.4593432087323654
19,5,False,False,False,draw,-0.0923736079249218
19,6,True,True,False,stand,0.4873257744472004
19,6,True,True,False,draw,0.19132420091324198
19,6,True,True,False,double,0.4868900343642612
19,6,False,True,False,stand,0.484200276223825
19,6,False,True,False,draw,-0.7095142513046969
19,6,False,True,False,double,-1.3747526711515632
19,6,True,False,False,stand,0.4994731876037632
19,6,True,False,False,draw,0.39884461393596987
19,6,False,False,False,stand,0.5009102916432978
19,6,False,False,False,draw,-0.025809137931034495
19,7,True,True,False,stand,0.6212365428542552
19,7,True,True,False,draw,0.1469608761329305
19,7,True,True,False,double,0.41409718309859156
19,7,False,True,False,stand,0.6090741563380281
19,7,False,True,False,draw,-0.7188118811881188
19,7,False,True,False,double,-1.3830210772833724
19,7,True,False,False,stand,0.6330063950086058
19,7,True,False,False,draw,0.4133561833704529
19,7,False,False,False,stand,0.6289217707270126
19,7,False,False,False,draw,-0.240542204789036
19,8,True,True,False,stand,0.616314006058074
19,8,True,True,False,draw,0.09376578411405295
19,8,True,True,False,double,0.41753433835845893
19,8,False,True,False,stand,0.5782885817156732
19,8,False,True,False,draw,-0.6894055802668824
19,8,False,True,False,double,-1.3967136150234742
19,8,True,False,False,stand,0.6321585480433115
19,8,True,False,False,draw,0.4126992593457945
19,8,False,False,False,stand,0.599571628674054
19,8,False,False,False,draw,-0.3645048515625
19,9,True,True,False,stand,0.3035785252284053
19,9,True,True,False,draw,-0.013155120481927716
19,9,True,True,False,double,-0.06942112482853224
19,9,False,True,False,stand,0.25837270692698194
19,9,False,True,False,draw,-0.6954887218045113
19,9,False,True,False,double,-1.3835704934541793
19,9,True,False,False,stand,0.29803399810312126
19,9,True,False,False,draw,0.16179949919354839
19,9,False,False,False,stand,0.2690029533983268
19,9,False,False,False,draw,-0.40411219474568505
19,10,True,True,False,stand,0.0028415106853072274
19,10,True,True,False,draw,-0.11083700691337944
19,10,True,True,False,double,-0.2229664523043944
19,10,False,True,False,stand,0.013847012283521198
19,10,False,True,False,draw,-0.715712187958884
19,10,False,True,False,double,-1.4597582184517497
19,10,True,False,False,stand,0.007626638455891877
19,10,True,False,False,draw,-0.03888444479065239
19,10,False,False,False,stand,-0.017828833392298276
19,10,False,False,False,draw,-0.5155994404647006
19,11,True,True,False,stand,-0.1187801211577294
19,11,True,True,False,draw,-0.27044
19,11,True,True,False,double,-0.6456692913385826
19,11,False,True,False,stand,-0.09372877949867818
19,11,False,True,False,draw,-0.8017063492063492
19,11,False,True,False,double,-1.4976343254735216
19,11,True,False,False,stand,-0.15059517053040417
19,11,True,False,False,draw,-0.2496989067460318
19,11,False,False,False,stand,-0.1404604813735858
19,11,False,False,False,draw,-0.7236608052191711
20,2,True,True,True,stand,0
20,2,True,True,True,draw,0
20,2,True,True,True,double,0
20,2,True,True,True,split,0
20,2,False,True,True,stand,0.6252401359538939
20,2,False,True,True,draw,-0.8105849582172702
20,2,False,True,True,double,-1.6733601070950468
20,2,False,True,True,split,0.16920701453104356
20,2,True,True,False,stand,0.6605470785382596
20,2,True,True,False,draw,0.15073170731707317
20,2,True,True,False,double,0.4976494845360825
20,2,False,True,False,stand,0.6270242726929905
20,2,False,True,False,draw,-0.8422163588390501
20,2,False,True,False,double,-1.6779568494931116
20,2,True,False,True,stand,0
20,2,True,False,True,draw,0
20,2,True,False,True,split,0
20,2,False,False,True,stand,0
20,2,False,False,True,draw,0
20,2,False,False,True,split,0
20,2,True,False,False,stand,0.638992343216034
20,2,True,False,False,draw,0.47371171828908554
20,2,False,False,False,stand,0.649316129777162
20,2,False,False,False,draw,-0.16351675461741427
20,3,True,True,True,stand,0
20,3,True,True,True,draw,0
20,3,True,True,True,double,0
20,3,True,True,True,split,0
20,3,False,True,True,stand,0.637834404423853
20,3,False,True,True,draw,-0.8227848101265823
20,3,False,True,True,double,-1.6145985401459855
20,3,False,True,True,split,0.327238591916558
20,3,True,True,False,stand,0.6543073175875158
20,3,True,True,False,draw,0.0919402985074627
20,3,True,True,False,double,0.5091737226277372
20,3,False,True,False,stand,0.6386964786566899
20,3,False,True,False,draw,-0.8216328653146125
20,3,False,True,False,double,-1.6661765474014103
20,3,True,False,True,stand,0
20,3,True,False,True,draw,0
20,3,True,False,True,split,0
20,3,False,False,True,stand,0
20,3,False,False,True,draw,0
20,3,False,False,True,split,0
20,3,True,False,False,stand,0.6425599901074054
20,3,True,False,False,draw,0.46885670884658465
20,3,False,False,False,stand,0.6540367394904119
20,3,False,False,False,draw,-0.21885221159257176
20,4,True,True,True,stand,0
20,4,True,True,True,draw,0
20,4,True,True,True,double,0
20,4,True,True,True,split,0
20,4,False,True,True,stand,0.6461271589109284
20,4,False,True,True,draw,-0.8535911602209945
20,4,False,True,True,double,-1.6270753512132823
20,4,False,True,True,split,0.37957611940298513
20,4,True,True,False,stand,0.6758448814574494
20,4,True,True,False,draw,0.14507246376811594
20,4,True,True,False,double,0.5454524390243902
20,4,False,True,False,stand,0.6488829782295874
20,4,False,True,False,draw,-0.8366513527309852
20,4,False,True,False,double,-1.6638939910784571
20,4,True,False,True,stand,0
20,4,True,False,True,draw,0
20,4,True,False,True,split,0
20,4,False,False,True,stand,0
20,4,False,False,True,draw,0
20,4,False,False,True,split,0
20,4,True,False,False,stand,0.6397480945121952
20,4,True,False,False,draw,0.47090186170212767
20,4,False,False,False,stand,0.645194654966095
20,4,False,False,False,draw,-0.3231339892665474
20,5,True,True,True,stand,0
20,5,True,True,True,draw,0
20,5,True,True,True,double,0
20,5,True,True,True,split,0
20,5,False,True,True,stand,0.6763665110676103
20,5,False,True,True,draw,-0.8367911479944675
20,5,False,True,True,double,-1.669467787114846
20,5,False,True,True,split,0.4544325000000001
20,5,True,True,False,stand,0.7012187070151308
20,5,True,True,False,draw,0.22195859872611462
20,5,True,True,False,double,0.5426564495530013
20,5,False,True,False,stand,0.6724185404485923
20,5,False,True,False,draw,-0.8279738562091503
20,5,False,True,False,double,-1.6472589792060492
20,5,True,False,True,stand,0
20,5,True,False,True,draw,0
20,5,True,False,True,split,0
20,5,False,False,True,stand,0
20,5,False,False,True,draw,0
20,5,False,False,True,split,0
20,5,True,False,False,stand,0.6947036430618093
20,5,True,False,False,draw,0.5513893982808022
20,5,False,False,False,stand,0.6667168949771689
20,5,False,False,False,draw,-0.12432909379968204
20,6,True,True,True,stand,0
20,6,True,True,True,draw,0
20,6,True,True,True,double,0
20,6,True,True,True,split,0
20,6,False,True,True,stand,0.6918358951344478
20,6,False,True,True,draw,-0.8053596614950634
20,6,False,True,True,double,-1.708502024291498
20,6,False,True,True,split,0.4735720416124838
20,6,True,True,False,stand,0.7042657018362901
20,6,True,True,False,draw,0.19423895253682485
20,6,True,True,False,double,0.6296187683284458
20,6,False,True,False,stand,0.6962107798463741
20,6,False,True,False,draw,-0.8263648468708389
20,6,False,True,False,double,-1.681227560718057
20,6,True,False,True,stand,0
20,6,True,False,True,draw,0
20,6,True,False,True,split,0
20,6,False,False,True,stand,0
20,6,False,False,True,draw,0
20,6,False,False,True,split,0
20,6,True,False,False,stand,0.7045596502186133
20,6,True,False,False,draw,0.5222222222222223
20,6,False,False,False,stand,0.7074507326273031
20,6,False,False,False,draw,-0.0038098812664907754
20,7,True,True,True,stand,0
20,7,True,True,True,draw,0
20,7,True,True,True,double,0
20,7,True,True,True,split,0
20,7,False,True,True,stand,0.7605321507760532
20,7,False,True,True,draw,-0.8479685452162516
20,7,False,True,True,double,-1.6379562043795621
20,7,False,True,True,split,0.394062345323741
20,7,True,True,False,stand,0.7797711933716599
20,7,True,True,False,draw,0.1669078947368421
20,7,True,True,False,double,0.370687757909216
20,7,False,True,False,stand,0.7633171643534744
20,7,False,True,False,draw,-0.8295064660860385
20,7,False,True,False,double,-1.6568211573710394
20,7,True,False,True,stand,0
20,7,True,False,True,draw,0
20,7,True,False,True,split,0
20,7,False,False,True,stand,0
20,7,False,False,True,draw,0
20,7,False,False,True,split,0
20,7,True,False,False,stand,0.7850010157321501
20,7,True,False,False,draw,0.5116440277998412
20,7,False,False,False,stand,0.7818516595207873
20,7,False,False,False,draw,-0.2540802379942693
20,8,True,True,True,stand,0
20,8,True,True,True,draw,0
20,8,True,True,True,double,0
20,8,True,True,True,split,0
20,8,False,True,True,stand,0.7907100501748517
20,8,False,True,True,draw,-0.8470764617691154
20,8,False,True,True,double,-1.7365591397849462
20,8,False,True,True,split,0.2326285932885906
20,8,True,True,False,stand,0.7944343578200307
20,8,True,True,False,draw,0.11935593220338986
20,8,True,True,False,double,0.24516615262321148
20,8,False,True,False,stand,0.781760696890221
20,8,False,True,False,draw,-0.8271739130434783
20,8,False,True,False,double,-1.6415796483750666
20,8,True,False,True,stand,0
20,8,True,False,True,draw,0
20,8,True,False,True,split,0
20,8,False,False,True,stand,0
20,8,False,False,True,draw,0
20,8,False,False,True,split,0
20,8,True,False,False,stand,0.8027536981465138
20,8,True,False,False,draw,0.48955452404881555
20,8,False,False,False,stand,0.7975245063952122
20,8,False,False,False,draw,-0.3771142652165156
20,9,True,True,True,stand,0
20,9,True,True,True,draw,0
20,9,True,True,True,double,0
20,9,True,True,True,split,0
20,9,False,True,True,stand,0.7402339270697958
20,9,False,True,True,draw,-0.8636995827538247
20,9,False,True,True,double,-1.713103448275862
20,9,False,True,True,split,0.12595064876033057
20,9,True,True,False,stand,0.7752970739044234
20,9,True,True,False,draw,0.04212114989733059
20,9,True,True,False,double,0.23737314487632508
20,9,False,True,False,stand,0.7417689519498936
20,9,False,True,False,draw,-0.8408119658119658
20,9,False,True,False,double,-1.6359565558754252
20,9,True,False,True,stand,0
20,9,True,False,True,draw,0
20,9,True,False,True,split,0
20,9,False,False,True,stand,0
20,9,False,False,True,draw,0
20,9,False,False,True,split,0
20,9,True,False,False,stand,0.7777630640063216
20,9,True,False,False,draw,0.43550740273461774
20,9,False,False,False,stand,0.75727945495282
20,9,False,False,False,draw,-0.3732120671770335
20,10,True,True,True,stand,0
20,10,True,True,True,draw,0
20,10,True,True,True,double,0
20,10,True,True,True,split,0
20,10,False,True,True,stand,0.4562343733014458
20,10,False,True,True,draw,-0.8519141775347077
20,10,False,True,True,double,-1.6603773584905661
20,10,False,True,True,split,-0.046869657384987905
20,10,True,True,False,stand,0.4690087427979192
20,10,True,True,False,draw,-0.0537428350116189
20,10,True,True,False,double,-0.08543329558323895
20,10,False,True,False,stand,0.45241869684576774
20,10,False,True,False,draw,-0.8270906589206544
20,10,False,True,False,double,-1.6572456258917174
20,10,True,False,True,stand,0
20,10,True,False,True,draw,0
20,10,True,False,True,split,0
20,10,False,False,True,stand,0
20,10,False,False,True,draw,0
20,10,False,False,True,split,0
20,10,True,False,False,stand,0.46073898329986773
20,10,True,False,False,draw,0.22226591661258924
20,10,False,False,False,stand,0.430989058949446
20,10,False,False,False,draw,-0.45357754878048784
20,11,True,True,True,stand,0
20,11,True,True,True,draw,0
20,11,True,True,True,double,0
20,11,True,True,True,split,0
20,11,False,True,True,stand,0.1755311077389985
20,11,False,True,True,draw,-0.878698224852071
20,11,False,True,True,double,-1.7714285714285714
20,11,False,True,True,split,-0.3526304248021108
20,11,True,True,False,stand,0.1223219752722991
20,11,True,True,False,draw,-0.19782561307901908
20,11,True,True,False,double,-0.5811066398390342
20,11,False,True,False,stand,0.18031614298447246
20,11,False,True,False,draw,-0.8918777748759468
20,11,False,True,False,double,-1.7438534998698934
20,11,True,False,True,stand,0
20,11,True,False,True,draw,0
20,11,True,False,True,split,0
20,11,False,False,True,stand,0
20,11,False,False,True,draw,0
20,11,False,False,True,split,0
20,11,True,False,False,stand,0.11076835951772013
20,11,True,False,False,draw,-0.15003634945397815
20,11,False,False,False,stand,0.12304987694232974
20,11,False,False,False,draw,-0.8083837188740527
21,2,True,True,False,stand,1.0027658338025411
21,2,True,True,False,draw,0
21,2,True,True,False,double,0
21,2,True,False,False,stand,0
21,2,True,False,False,draw,0
21,3,True,True,False,stand,1.0027312674040099
21,3,True,True,False,draw,0
21,3,True,True,False,double,0
21,3,True,False,False,stand,0
21,3,True,False,False,draw,0
21,4,True,True,False,stand,1.0026850074528606
21,4,True,True,False,draw,0
21,4,True,True,False,double,0
21,4,True,False,False,stand,0
21,4,True,False,False,draw,0
21,5,True,True,False,stand,1.0036951213773526
21,5,True,True,False,draw,0
21,5,True,True,False,double,0
21,5,True,False,False,stand,0
21,5,True,False,False,draw,0
21,6,True,True,False,stand,1.0047926004725207
21,6,True,True,False,draw,0
21,6,True,True,False,double,0
21,6,True,False,False,stand,0
21,6,True,False,False,draw,0
21,7,True,True,False,stand,1.0029742424646002
21,7,True,True,False,draw,0
21,7,True,True,False,double,0
21,7,True,False,False,stand,0
21,7,True,False,False,draw,0
21,8,True,True,False,stand,1.0022748179214638
21,8,True,True,False,draw,0
21,8,True,True,False,double,0
21,8,True,False,False,stand,0
21,8,True,False,False,draw,0
21,9,True,True,False,stand,1.001273941108054
21,9,True,True,False,draw,0
21,9,True,True,False,double,0
21,9,True,False,False,stand,0
21,9,True,False,False,draw,0
21,10,True,True,False,stand,0.9989316084175663
21,10,True,True,False,draw,0
21,10,True,True,False,double,0
21,10,True,False,False,stand,0
21,10,True,False,False,draw,0
21,11,True,True,False,stand,0.999516786363243
21,11,True,True,False,draw,0
21,11,True,True,False,double,0
21,11,True,False,False,stand,0
21,11,True,False,False,draw,0
